Name,Package URL,Github,Downloads
boto3,https://pypi.org/project/boto3/,https://github.com/boto/boto3,547651635
urllib3,https://pypi.org/project/urllib3/,https://github.com/urllib3/urllib3,307909818
requests,https://pypi.org/project/requests/,https://github.com/psf/requests,286538843
botocore,https://pypi.org/project/botocore/,https://github.com/boto/botocore,280348860
charset-normalizer,https://pypi.org/project/charset-normalizer/,https://github.com/Ousret/charset_normalizer,245046156
idna,https://pypi.org/project/idna/,https://github.com/kjd/idna,230583251
certifi,https://pypi.org/project/certifi/,https://github.com/certifi/python-certifi,229160572
setuptools,https://pypi.org/project/setuptools/,https://github.com/pypa/setuptools,228492361
s3transfer,https://pypi.org/project/s3transfer/,https://github.com/boto/s3transfer,217230252
python-dateutil,https://pypi.org/project/python-dateutil/,https://github.com/dateutil/dateutil,209811711
typing-extensions,https://pypi.org/project/typing-extensions/,https://github.com/python/typing_extensions,193898741
six,https://pypi.org/project/six/,https://github.com/benjaminp/six,184565979
PyYAML,https://pypi.org/project/PyYAML/,https://github.com/yaml/pyyaml,171082494
google-api-core,https://pypi.org/project/google-api-core/,https://github.com/googleapis/python-api-core,166107232
cryptography,https://pypi.org/project/cryptography/,https://github.com/pyca/cryptography/,161572525
wheel,https://pypi.org/project/wheel/,https://github.com/pypa/wheel/issues,157396605
numpy,https://pypi.org/project/numpy/,https://github.com/numpy/numpy,137720368
packaging,https://pypi.org/project/packaging/,https://github.com/pypa/packaging,135851129
pip,https://pypi.org/project/pip/,https://github.com/pypa/pip,134234350
jmespath,https://pypi.org/project/jmespath/,https://github.com/jmespath/jmespath.py,131839348
awscli,https://pypi.org/project/awscli/,https://github.com/aws/aws-cli,124088301
importlib-metadata,https://pypi.org/project/importlib-metadata/,https://github.com/python/importlib_metadata,119552957
colorama,https://pypi.org/project/colorama/,https://github.com/tartley/colorama,117536604
pyasn1,https://pypi.org/project/pyasn1/,https://github.com/pyasn1/pyasn1,116689007
rsa,https://pypi.org/project/rsa/,https://stuvel.eu/rsa,115529193
zipp,https://pypi.org/project/zipp/,https://github.com/jaraco/zipp,115063813
protobuf,https://pypi.org/project/protobuf/,https://developers.google.com/protocol-buffers/,110174069
pandas,https://pypi.org/project/pandas/,https://pandas.pydata.org,106332931
pytz,https://pypi.org/project/pytz/,http://pythonhosted.org/pytz,104281185
attrs,https://pypi.org/project/attrs/,https://github.com/python-attrs/attrs,102809596
PyJWT,https://pypi.org/project/PyJWT/,https://github.com/jpadilla/pyjwt,100506402
cffi,https://pypi.org/project/cffi/,http://cffi.readthedocs.org,98673616
click,https://pypi.org/project/click/,https://github.com/pallets/click/,97929083
pycparser,https://pypi.org/project/pycparser/,https://github.com/eliben/pycparser,93772961
aiobotocore,https://pypi.org/project/aiobotocore/,https://github.com/aio-libs/aiobotocore,93578255
MarkupSafe,https://pypi.org/project/MarkupSafe/,https://github.com/pallets/markupsafe/,92846027
s3fs,https://pypi.org/project/s3fs/,http://github.com/fsspec/s3fs/,90854027
Jinja2,https://pypi.org/project/Jinja2/,https://github.com/pallets/jinja/,90772622
fsspec,https://pypi.org/project/fsspec/,http://github.com/fsspec/filesystem_spec,84714607
docutils,https://pypi.org/project/docutils/,https://docutils.sourceforge.io/,80322911
oauthlib,https://pypi.org/project/oauthlib/,https://github.com/oauthlib/oauthlib,77385937
googleapis-common-protos,https://pypi.org/project/googleapis-common-protos/,https://github.com/googleapis/python-api-common-protos,76449763
google-auth,https://pypi.org/project/google-auth/,https://github.com/googleapis/google-auth-library-python,76070704
grpcio-status,https://pypi.org/project/grpcio-status/,https://grpc.io,72616898
requests-oauthlib,https://pypi.org/project/requests-oauthlib/,https://github.com/requests/requests-oauthlib,69186616
cachetools,https://pypi.org/project/cachetools/,https://github.com/tkem/cachetools/,69136861
wrapt,https://pypi.org/project/wrapt/,https://github.com/GrahamDumpleton/wrapt,68573003
pyparsing,https://pypi.org/project/pyparsing/,https://github.com/pyparsing/pyparsing/,66800939
SQLAlchemy,https://pypi.org/project/SQLAlchemy/,https://www.sqlalchemy.org,66043646
jsonschema,https://pypi.org/project/jsonschema/,https://github.com/python-jsonschema/jsonschema,64762104
tomli,https://pypi.org/project/tomli/,https://github.com/hukkin/tomli,64196082
pyarrow,https://pypi.org/project/pyarrow/,https://github.com/apache/arrow,64045141
isodate,https://pypi.org/project/isodate/,https://github.com/gweis/isodate/,63765041
decorator,https://pypi.org/project/decorator/,https://github.com/micheles/decorator,62544025
psutil,https://pypi.org/project/psutil/,https://github.com/giampaolo/psutil,61922692
aiohttp,https://pypi.org/project/aiohttp/,https://github.com/aio-libs/aiohttp,60109533
pyasn1-modules,https://pypi.org/project/pyasn1-modules/,https://github.com/pyasn1/pyasn1-modules,59871690
platformdirs,https://pypi.org/project/platformdirs/,https://github.com/platformdirs/platformdirs,59256110
async-timeout,https://pypi.org/project/async-timeout/,https://github.com/aio-libs/async-timeout,59165581
soupsieve,https://pypi.org/project/soupsieve/,https://github.com/facelessuser/soupsieve,55657788
beautifulsoup4,https://pypi.org/project/beautifulsoup4/,https://www.crummy.com/software/BeautifulSoup/bs4/,55230621
multidict,https://pypi.org/project/multidict/,https://github.com/aio-libs/multidict,55118803
pydantic,https://pypi.org/project/pydantic/,https://github.com/pydantic/pydantic,54812915
yarl,https://pypi.org/project/yarl/,https://github.com/aio-libs/yarl/,54803470
filelock,https://pypi.org/project/filelock/,https://github.com/tox-dev/py-filelock,54672025
Werkzeug,https://pypi.org/project/Werkzeug/,https://github.com/pallets/werkzeug/,53708526
pluggy,https://pypi.org/project/pluggy/,https://github.com/pytest-dev/pluggy,53677655
azure-core,https://pypi.org/project/azure-core/,https://github.com/Azure/azure-sdk-for-python/tree/main/sdk/core/azure-core,53634728
tqdm,https://pypi.org/project/tqdm/,https://github.com/tqdm/tqdm,52854745
greenlet,https://pypi.org/project/greenlet/,https://github.com/python-greenlet/greenlet/,52684451
scipy,https://pypi.org/project/scipy/,https://github.com/scipy/scipy,52596393
lxml,https://pypi.org/project/lxml/,https://github.com/lxml/lxml,52232200
grpcio,https://pypi.org/project/grpcio/,https://github.com/grpc/grpc,52215202
pytest,https://pypi.org/project/pytest/,https://github.com/pytest-dev/pytest,52187458
Pillow,https://pypi.org/project/Pillow/,https://github.com/python-pillow/Pillow,51801442
importlib-resources,https://pypi.org/project/importlib-resources/,https://github.com/python/importlib_resources,51664917
pyOpenSSL,https://pypi.org/project/pyOpenSSL/,https://github.com/pyca/pyopenssl,51452895
pyrsistent,https://pypi.org/project/pyrsistent/,https://github.com/tobgu/pyrsistent/,50150389
frozenlist,https://pypi.org/project/frozenlist/,https://github.com/aio-libs/frozenlist,49617413
coverage,https://pypi.org/project/coverage/,https://github.com/nedbat/coveragepy,49508058
aiosignal,https://pypi.org/project/aiosignal/,https://github.com/aio-libs/aiosignal,49150337
openpyxl,https://pypi.org/project/openpyxl/,https://foss.heptapod.net/openpyxl/openpyxl,47338157
chardet,https://pypi.org/project/chardet/,https://github.com/chardet/chardet,47270064
et-xmlfile,https://pypi.org/project/et-xmlfile/,https://foss.heptapod.net/openpyxl/et_xmlfile,47122169
Pygments,https://pypi.org/project/Pygments/,https://github.com/pygments/pygments,46562878
asn1crypto,https://pypi.org/project/asn1crypto/,https://github.com/wbond/asn1crypto,46308549
virtualenv,https://pypi.org/project/virtualenv/,https://github.com/pypa/virtualenv,45600977
tabulate,https://pypi.org/project/tabulate/,https://github.com/astanin/python-tabulate,43752873
iniconfig,https://pypi.org/project/iniconfig/,https://github.com/pytest-dev/iniconfig,43643732
websocket-client,https://pypi.org/project/websocket-client/,https://github.com/websocket-client/websocket-client/,43337068
Flask,https://pypi.org/project/Flask/,https://github.com/pallets/flask/,42729470
google-api-python-client,https://pypi.org/project/google-api-python-client/,https://github.com/googleapis/google-api-python-client/,42428450
requests-toolbelt,https://pypi.org/project/requests-toolbelt/,https://github.com/requests/toolbelt,40555862
psycopg2-binary,https://pypi.org/project/psycopg2-binary/,https://psycopg.org/,37993899
tzdata,https://pypi.org/project/tzdata/,https://github.com/python/tzdata,37556651
google-cloud-core,https://pypi.org/project/google-cloud-core/,https://github.com/googleapis/python-cloud-core,37309432
exceptiongroup,https://pypi.org/project/exceptiongroup/,https://github.com/agronholm/exceptiongroup,37243494
itsdangerous,https://pypi.org/project/itsdangerous/,https://github.com/pallets/itsdangerous/,37077503
PyNaCl,https://pypi.org/project/PyNaCl/,https://github.com/pyca/pynacl/,36555872
azure-storage-blob,https://pypi.org/project/azure-storage-blob/,https://github.com/Azure/azure-sdk-for-python/tree/main/sdk/storage/azure-storage-blob,36130147
google-cloud-storage,https://pypi.org/project/google-cloud-storage/,https://github.com/googleapis/python-storage,36072937
mypy-extensions,https://pypi.org/project/mypy-extensions/,https://github.com/python/mypy_extensions,35441253
Deprecated,https://pypi.org/project/Deprecated/,https://github.com/tantale/deprecated,35381199
scikit-learn,https://pypi.org/project/scikit-learn/,https://github.com/scikit-learn/scikit-learn,34440093
paramiko,https://pypi.org/project/paramiko/,https://github.com/paramiko/paramiko,34152802
distlib,https://pypi.org/project/distlib/,https://github.com/pypa/distlib,33861693
azure-common,https://pypi.org/project/azure-common/,https://github.com/Azure/azure-sdk-for-python,33733162
bcrypt,https://pypi.org/project/bcrypt/,https://github.com/pyca/bcrypt/,33696963
msrest,https://pypi.org/project/msrest/,https://github.com/Azure/msrest-for-python,32187288
google-auth-oauthlib,https://pypi.org/project/google-auth-oauthlib/,https://github.com/GoogleCloudPlatform/google-auth-library-python-oauthlib,32038639
py,https://pypi.org/project/py/,https://py.readthedocs.io/,31763111
GitPython,https://pypi.org/project/GitPython/,https://github.com/gitpython-developers/GitPython,31653454
matplotlib,https://pypi.org/project/matplotlib/,https://github.com/matplotlib/matplotlib,31399798
future,https://pypi.org/project/future/,https://python-future.org,31283395
google-resumable-media,https://pypi.org/project/google-resumable-media/,https://github.com/googleapis/google-resumable-media-python,31250902
msal,https://pypi.org/project/msal/,https://github.com/AzureAD/microsoft-authentication-library-for-python,30907223
wcwidth,https://pypi.org/project/wcwidth/,https://github.com/jquast/wcwidth,30435328
httplib2,https://pypi.org/project/httplib2/,https://github.com/httplib2/httplib2,30177993
smmap,https://pypi.org/project/smmap/,https://github.com/gitpython-developers/smmap,30075726
portalocker,https://pypi.org/project/portalocker/,https://github.com/WoLpH/portalocker,30023450
gitdb,https://pypi.org/project/gitdb/,https://github.com/gitpython-developers/gitdb,29928531
pymysql,https://pypi.org/project/pymysql/,https://github.com/PyMySQL/PyMySQL,29660669
sqlparse,https://pypi.org/project/sqlparse/,https://github.com/andialbrecht/sqlparse,29636079
proto-plus,https://pypi.org/project/proto-plus/,https://github.com/googleapis/proto-plus-python.git,29466322
msgpack,https://pypi.org/project/msgpack/,https://github.com/msgpack/msgpack-python,29291273
sniffio,https://pypi.org/project/sniffio/,https://github.com/python-trio/sniffio,29120913
py4j,https://pypi.org/project/py4j/,https://www.py4j.org/,28853127
snowflake-connector-python,https://pypi.org/project/snowflake-connector-python/,https://github.com/snowflakedb/snowflake-connector-python,28791414
toml,https://pypi.org/project/toml/,https://github.com/uiri/toml,28727966
pycryptodomex,https://pypi.org/project/pycryptodomex/,https://github.com/Legrandin/pycryptodome/,28648049
Cython,https://pypi.org/project/Cython/,https://github.com/cython/cython,28198501
more-itertools,https://pypi.org/project/more-itertools/,https://github.com/more-itertools/more-itertools,28123236
pexpect,https://pypi.org/project/pexpect/,https://pexpect.readthedocs.io/,28068081
ptyprocess,https://pypi.org/project/ptyprocess/,https://github.com/pexpect/ptyprocess,28045999
pathspec,https://pypi.org/project/pathspec/,https://github.com/cpburnz/python-pathspec,27880506
regex,https://pypi.org/project/regex/,https://github.com/mrabarnett/mrab-regex,27416159
docker,https://pypi.org/project/docker/,https://github.com/docker/docker-py,27140431
google-cloud-bigquery,https://pypi.org/project/google-cloud-bigquery/,https://github.com/googleapis/python-bigquery,27127172
grpcio-tools,https://pypi.org/project/grpcio-tools/,https://github.com/grpc/grpc/tree/master/tools/distrib/python/grpcio_tools,27000722
msal-extensions,https://pypi.org/project/msal-extensions/,https://github.com/AzureAD/microsoft-authentication-extensions-for-python/releases,26380572
sagemaker,https://pypi.org/project/sagemaker/,https://github.com/aws/sagemaker-python-sdk/,26306693
kiwisolver,https://pypi.org/project/kiwisolver/,https://github.com/nucleic/kiwi,25737934
python-dotenv,https://pypi.org/project/python-dotenv/,https://github.com/theskumar/python-dotenv,25633201
redis,https://pypi.org/project/redis/,https://github.com/redis/redis-py,25449531
tzlocal,https://pypi.org/project/tzlocal/,https://github.com/regebro/tzlocal,25381268
joblib,https://pypi.org/project/joblib/,https://github.com/joblib/joblib,25293722
backoff,https://pypi.org/project/backoff/,https://github.com/litl/backoff,25237180
azure-identity,https://pypi.org/project/azure-identity/,https://github.com/Azure/azure-sdk-for-python/tree/main/sdk/identity/azure-identity,24904510
cycler,https://pypi.org/project/cycler/,https://github.com/matplotlib/cycler,24821573
webencodings,https://pypi.org/project/webencodings/,https://github.com/SimonSapin/python-webencodings,24615763
uritemplate,https://pypi.org/project/uritemplate/,https://uritemplate.readthedocs.org,24604851
h11,https://pypi.org/project/h11/,https://github.com/python-hyper/h11,24567888
zope.interface,https://pypi.org/project/zope.interface/,https://github.com/zopefoundation/zope.interface,24529221
termcolor,https://pypi.org/project/termcolor/,https://github.com/termcolor/termcolor,24510946
anyio,https://pypi.org/project/anyio/,https://github.com/agronholm/anyio,24291245
pycodestyle,https://pypi.org/project/pycodestyle/,https://pycodestyle.pycqa.org/,24262053
pyspark,https://pypi.org/project/pyspark/,https://github.com/apache/spark/tree/master/python,23802888
ruamel.yaml,https://pypi.org/project/ruamel.yaml/,https://sourceforge.net/p/ruamel-yaml/code/ci/default/tree,23801402
adal,https://pypi.org/project/adal/,https://github.com/AzureAD/azure-activedirectory-library-for-python,23737613
pyodbc,https://pypi.org/project/pyodbc/,https://github.com/mkleehammer/pyodbc,23718254
gunicorn,https://pypi.org/project/gunicorn/,https://github.com/benoitc/gunicorn,23623916
scramp,https://pypi.org/project/scramp/,https://github.com/tlocke/scramp,23588028
networkx,https://pypi.org/project/networkx/,https://github.com/networkx/networkx,23451542
oscrypto,https://pypi.org/project/oscrypto/,https://github.com/wbond/oscrypto,23450918
cloudpickle,https://pypi.org/project/cloudpickle/,https://github.com/cloudpipe/cloudpickle,23408593
awswrangler,https://pypi.org/project/awswrangler/,https://aws-sdk-pandas.readthedocs.io/,23089930
google-crc32c,https://pypi.org/project/google-crc32c/,https://github.com/googleapis/python-crc32c,22916293
mccabe,https://pypi.org/project/mccabe/,https://github.com/pycqa/mccabe,22683886
tenacity,https://pypi.org/project/tenacity/,https://github.com/jd/tenacity,22646685
keyring,https://pypi.org/project/keyring/,https://github.com/jaraco/keyring,22523196
pkgutil_resolve_name,https://pypi.org/project/pkgutil_resolve_name/,https://github.com/graingert/pkgutil-resolve-name,22521214
google-auth-httplib2,https://pypi.org/project/google-auth-httplib2/,https://github.com/GoogleCloudPlatform/google-auth-library-python-httplib2,22433984
Markdown,https://pypi.org/project/Markdown/,https://Python-Markdown.github.io/,21989421
threadpoolctl,https://pypi.org/project/threadpoolctl/,https://github.com/joblib/threadpoolctl,21818296
ply,https://pypi.org/project/ply/,http://www.dabeaz.com/ply/,21723110
alembic,https://pypi.org/project/alembic/,https://github.com/sqlalchemy/alembic/,21589401
dill,https://pypi.org/project/dill/,https://github.com/uqfoundation/dill,21359060
tornado,https://pypi.org/project/tornado/,https://github.com/tornadoweb/tornado,21343136
rich,https://pypi.org/project/rich/,https://github.com/Textualize/rich,21237366
xmltodict,https://pypi.org/project/xmltodict/,https://github.com/martinblech/xmltodict,21189695
absl-py,https://pypi.org/project/absl-py/,https://github.com/abseil/abseil-py,21006062
marshmallow,https://pypi.org/project/marshmallow/,https://github.com/marshmallow-code/marshmallow,20966339
dnspython,https://pypi.org/project/dnspython/,https://www.dnspython.org,20934093
prompt-toolkit,https://pypi.org/project/prompt-toolkit/,https://github.com/prompt-toolkit/python-prompt-toolkit,20846762
traitlets,https://pypi.org/project/traitlets/,https://github.com/ipython/traitlets,20806381
datadog,https://pypi.org/project/datadog/,https://github.com/DataDog/datadogpy,20682767
fonttools,https://pypi.org/project/fonttools/,http://github.com/fonttools/fonttools,20653109
ruamel.yaml.clib,https://pypi.org/project/ruamel.yaml.clib/,https://sourceforge.net/p/ruamel-yaml-clib/code/ci/default/tree,20583820
isort,https://pypi.org/project/isort/,https://pycqa.github.io/isort/,20513002
argcomplete,https://pypi.org/project/argcomplete/,https://github.com/kislyuk/argcomplete,20292345
pg8000,https://pypi.org/project/pg8000/,https://github.com/tlocke/pg8000,20246426
Mako,https://pypi.org/project/Mako/,https://www.makotemplates.org/,20195351
SecretStorage,https://pypi.org/project/SecretStorage/,https://github.com/mitya57/secretstorage,20031725
pytz-deprecation-shim,https://pypi.org/project/pytz-deprecation-shim/,https://github.com/pganssle/pytz-deprecation-shim,19807495
jeepney,https://pypi.org/project/jeepney/,https://gitlab.com/takluyver/jeepney,19801482
imageio,https://pypi.org/project/imageio/,https://github.com/imageio/imageio,19762437
tomlkit,https://pypi.org/project/tomlkit/,https://github.com/sdispater/tomlkit,19537980
jupyter-client,https://pypi.org/project/jupyter-client/,https://github.com/jupyter/jupyter_client,19315093
flake8,https://pypi.org/project/flake8/,https://github.com/pycqa/flake8,19251778
websockets,https://pypi.org/project/websockets/,https://github.com/aaugustin/websockets,19178925
nest-asyncio,https://pypi.org/project/nest-asyncio/,https://github.com/erdewit/nest_asyncio,19029416
poetry-core,https://pypi.org/project/poetry-core/,https://github.com/python-poetry/poetry-core,18949994
redshift-connector,https://pypi.org/project/redshift-connector/,https://github.com/aws/amazon-redshift-python-driver,18935213
pytest-cov,https://pypi.org/project/pytest-cov/,https://github.com/pytest-dev/pytest-cov,18649504
ipython,https://pypi.org/project/ipython/,https://github.com/ipython/ipython,18627070
pbr,https://pypi.org/project/pbr/,https://opendev.org/openstack/pbr,18490708
defusedxml,https://pypi.org/project/defusedxml/,https://github.com/tiran/defusedxml,18429414
typing-inspect,https://pypi.org/project/typing-inspect/,https://github.com/ilevkivskyi/typing_inspect,18148928
cfn-lint,https://pypi.org/project/cfn-lint/,https://github.com/aws-cloudformation/cfn-python-lint,18148594
pkginfo,https://pypi.org/project/pkginfo/,https://code.launchpad.net/~tseaver/pkginfo/trunk,17945062
pycryptodome,https://pypi.org/project/pycryptodome/,https://github.com/Legrandin/pycryptodome/,17783979
sentry-sdk,https://pypi.org/project/sentry-sdk/,https://github.com/getsentry/sentry-python,17710595
pymongo,https://pypi.org/project/pymongo/,http://github.com/mongodb/mongo-python-driver,17679107
simplejson,https://pypi.org/project/simplejson/,https://github.com/simplejson/simplejson,17591375
google-cloud-pubsub,https://pypi.org/project/google-cloud-pubsub/,https://github.com/googleapis/python-pubsub,17537100
xlrd,https://pypi.org/project/xlrd/,http://www.python-excel.org/,17433019
tox,https://pypi.org/project/tox/,https://github.com/tox-dev/tox,17416130
backports.zoneinfo,https://pypi.org/project/backports.zoneinfo/,https://github.com/pganssle/zoneinfo,17390889
prometheus-client,https://pypi.org/project/prometheus-client/,https://github.com/prometheus/client_python,17327596
tensorboard,https://pypi.org/project/tensorboard/,https://github.com/tensorflow/tensorboard,17321135
pyzmq,https://pypi.org/project/pyzmq/,https://github.com/zeromq/pyzmq,17069776
jedi,https://pypi.org/project/jedi/,https://github.com/davidhalter/jedi,16981095
pyflakes,https://pypi.org/project/pyflakes/,https://github.com/PyCQA/pyflakes,16852086
toolz,https://pypi.org/project/toolz/,https://github.com/pytoolz/toolz/,16811608
asynctest,https://pypi.org/project/asynctest/,https://github.com/Martiusweb/asynctest/,16604156
requests-aws4auth,https://pypi.org/project/requests-aws4auth/,https://github.com/tedder/requests-aws4auth,16588572
jupyter-core,https://pypi.org/project/jupyter-core/,https://github.com/jupyter/jupyter_core,16538171
jaraco.classes,https://pypi.org/project/jaraco.classes/,https://github.com/jaraco/jaraco.classes,16527047
markdown-it-py,https://pypi.org/project/markdown-it-py/,https://github.com/executablebooks/markdown-it-py,16177454
progressbar2,https://pypi.org/project/progressbar2/,https://github.com/WoLpH/python-progressbar,15944989
parso,https://pypi.org/project/parso/,https://github.com/davidhalter/parso,15935523
google-cloud-bigquery-storage,https://pypi.org/project/google-cloud-bigquery-storage/,https://github.com/googleapis/python-bigquery-storage,15934163
sortedcontainers,https://pypi.org/project/sortedcontainers/,http://www.grantjenks.com/docs/sortedcontainers/,15863769
jsonpath-ng,https://pypi.org/project/jsonpath-ng/,https://github.com/h2non/jsonpath-ng,15816808
pickleshare,https://pypi.org/project/pickleshare/,https://github.com/pickleshare/pickleshare,15762896
mdurl,https://pypi.org/project/mdurl/,https://github.com/executablebooks/mdurl,15704377
python-utils,https://pypi.org/project/python-utils/,https://github.com/WoLpH/python-utils,15630864
oauth2client,https://pypi.org/project/oauth2client/,http://github.com/google/oauth2client/,15626378
black,https://pypi.org/project/black/,https://github.com/psf/black,15522015
backcall,https://pypi.org/project/backcall/,https://github.com/takluyver/backcall,15487778
aioitertools,https://pypi.org/project/aioitertools/,https://aioitertools.omnilib.dev,15390065
nbconvert,https://pypi.org/project/nbconvert/,https://jupyter.org,15314030
httpx,https://pypi.org/project/httpx/,https://github.com/encode/httpx,15189805
tensorflow,https://pypi.org/project/tensorflow/,https://www.tensorflow.org/,15082189
databricks-cli,https://pypi.org/project/databricks-cli/,https://github.com/databricks/databricks-cli,15040704
httpcore,https://pypi.org/project/httpcore/,https://github.com/encode/httpcore,14900769
entrypoints,https://pypi.org/project/entrypoints/,https://github.com/takluyver/entrypoints,14742596
html5lib,https://pypi.org/project/html5lib/,https://github.com/html5lib/html5lib-python,14556382
setuptools-scm,https://pypi.org/project/setuptools-scm/,https://github.com/pypa/setuptools_scm/,14462361
fastapi,https://pypi.org/project/fastapi/,https://github.com/tiangolo/fastapi,14449242
msrestazure,https://pypi.org/project/msrestazure/,https://github.com/Azure/msrestazure-for-python,14360737
matplotlib-inline,https://pypi.org/project/matplotlib-inline/,https://github.com/ipython/matplotlib-inline,14348339
lockfile,https://pypi.org/project/lockfile/,http://launchpad.net/pylockfile,14236886
Babel,https://pypi.org/project/Babel/,https://github.com/python-babel/babel,14131713
rfc3986,https://pypi.org/project/rfc3986/,http://rfc3986.readthedocs.io,14057140
jsonpointer,https://pypi.org/project/jsonpointer/,https://github.com/stefankoegl/python-json-pointer,13961821
bleach,https://pypi.org/project/bleach/,https://github.com/mozilla/bleach,13839452
python-json-logger,https://pypi.org/project/python-json-logger/,http://github.com/madzak/python-json-logger,13654821
CacheControl,https://pypi.org/project/CacheControl/,https://github.com/ionrock/cachecontrol,13399775
jupyter-server,https://pypi.org/project/jupyter-server/,https://github.com/jupyter-server/jupyter_server,13372268
ipykernel,https://pypi.org/project/ipykernel/,https://ipython.org,13320468
elasticsearch,https://pypi.org/project/elasticsearch/,https://github.com/elastic/elasticsearch-py,13313332
opensearch-py,https://pypi.org/project/opensearch-py/,https://github.com/opensearch-project/opensearch-py,13305550
lazy-object-proxy,https://pypi.org/project/lazy-object-proxy/,https://github.com/ionelmc/python-lazy-object-proxy,13228204
snowflake-sqlalchemy,https://pypi.org/project/snowflake-sqlalchemy/,https://github.com/snowflakedb/snowflake-sqlalchemy,13141019
kubernetes,https://pypi.org/project/kubernetes/,https://github.com/kubernetes-client/python,13121392
tensorflow-estimator,https://pypi.org/project/tensorflow-estimator/,https://www.tensorflow.org/,13111564
cattrs,https://pypi.org/project/cattrs/,https://github.com/python-attrs/cattrs,13027135
psycopg2,https://pypi.org/project/psycopg2/,https://psycopg.org/,12827195
grpc-google-iam-v1,https://pypi.org/project/grpc-google-iam-v1/,https://github.com/googleapis/python-grpc-google-iam-v1,12779791
nbformat,https://pypi.org/project/nbformat/,https://jupyter.org,12754097
mistune,https://pypi.org/project/mistune/,https://github.com/lepture/mistune,12634846
shellingham,https://pypi.org/project/shellingham/,https://github.com/sarugaku/shellingham,12592964
gast,https://pypi.org/project/gast/,https://github.com/serge-sans-paille/gast/,12590111
humanfriendly,https://pypi.org/project/humanfriendly/,https://humanfriendly.readthedocs.io,12527067
starlette,https://pypi.org/project/starlette/,https://github.com/encode/starlette,12318428
deepdiff,https://pypi.org/project/deepdiff/,https://github.com/seperman/deepdiff,12296345
transformers,https://pypi.org/project/transformers/,https://github.com/huggingface/transformers,12225807
PySocks,https://pypi.org/project/PySocks/,https://github.com/Anorov/PySocks,12219584
smart-open,https://pypi.org/project/smart-open/,https://github.com/piskvorky/smart_open,12217367
rapidfuzz,https://pypi.org/project/rapidfuzz/,https://github.com/maxbachmann/RapidFuzz,12193011
watchdog,https://pypi.org/project/watchdog/,https://github.com/gorakhargosh/watchdog/,12188095
fastjsonschema,https://pypi.org/project/fastjsonschema/,https://github.com/horejsek/python-fastjsonschema,12049074
cached-property,https://pypi.org/project/cached-property/,https://github.com/pydanny/cached-property,11960437
retry,https://pypi.org/project/retry/,https://github.com/invl/retry,11945729
mock,https://pypi.org/project/mock/,https://github.com/testing-cabal/mock,11896046
aenum,https://pypi.org/project/aenum/,https://github.com/ethanfurman/aenum,11868576
requests-file,https://pypi.org/project/requests-file/,http://github.com/dashea/requests-file,11693134
text-unidecode,https://pypi.org/project/text-unidecode/,https://github.com/kmike/text-unidecode/,11548929
appdirs,https://pypi.org/project/appdirs/,http://github.com/ActiveState/appdirs,11500040
debugpy,https://pypi.org/project/debugpy/,https://github.com/microsoft/debugpy,11455651
contextlib2,https://pypi.org/project/contextlib2/,http://contextlib2.readthedocs.org,11434691
h5py,https://pypi.org/project/h5py/,https://github.com/h5py/h5py,11349518
build,https://pypi.org/project/build/,https://github.com/pypa/build,11337001
poetry-plugin-export,https://pypi.org/project/poetry-plugin-export/,https://python-poetry.org/,11336000
pylint,https://pypi.org/project/pylint/,https://github.com/PyCQA/pylint,11314727
azure-mgmt-core,https://pypi.org/project/azure-mgmt-core/,https://github.com/Azure/azure-sdk-for-python/tree/main/sdk/core/azure-mgmt-core,11289057
docopt,https://pypi.org/project/docopt/,http://docopt.org,11278088
jsonpatch,https://pypi.org/project/jsonpatch/,https://github.com/stefankoegl/python-json-patch,11215148
tinycss2,https://pypi.org/project/tinycss2/,https://www.courtbouillon.org/tinycss2,11199326
bs4,https://pypi.org/project/bs4/,https://pypi.python.org/pypi/beautifulsoup4,11131644
altair,https://pypi.org/project/altair/,https://github.com/altair-viz/altair,11101258
astroid,https://pypi.org/project/astroid/,https://github.com/PyCQA/astroid,11093962
google-pasta,https://pypi.org/project/google-pasta/,https://github.com/google/pasta,11061674
huggingface-hub,https://pypi.org/project/huggingface-hub/,https://github.com/huggingface/huggingface_hub,11051520
notebook,https://pypi.org/project/notebook/,http://jupyter.org,11023190
uvicorn,https://pypi.org/project/uvicorn/,https://github.com/encode/uvicorn,11000316
contourpy,https://pypi.org/project/contourpy/,https://github.com/contourpy/contourpy,10904676
numba,https://pypi.org/project/numba/,https://numba.pydata.org,10903919
typer,https://pypi.org/project/typer/,https://github.com/tiangolo/typer,10850025
poetry,https://pypi.org/project/poetry/,https://python-poetry.org/,10845016
shapely,https://pypi.org/project/shapely/,https://github.com/shapely/shapely,10832292
pytest-runner,https://pypi.org/project/pytest-runner/,https://github.com/pytest-dev/pytest-runner/,10826409
python-slugify,https://pypi.org/project/python-slugify/,https://github.com/un33k/python-slugify,10777946
asgiref,https://pypi.org/project/asgiref/,https://github.com/django/asgiref/,10725660
azure-storage-common,https://pypi.org/project/azure-storage-common/,https://github.com/Azure/azure-storage-python,10685179
google-cloud-secret-manager,https://pypi.org/project/google-cloud-secret-manager/,https://github.com/googleapis/python-secret-manager,10684960
pendulum,https://pypi.org/project/pendulum/,https://pendulum.eustace.io,10626350
dulwich,https://pypi.org/project/dulwich/,https://www.dulwich.io/,10584669
crashtest,https://pypi.org/project/crashtest/,https://github.com/sdispater/crashtest,10510438
cleo,https://pypi.org/project/cleo/,https://github.com/python-poetry/cleo,10445659
azure-nspkg,https://pypi.org/project/azure-nspkg/,https://github.com/Azure/azure-sdk-for-python,10425313
tokenizers,https://pypi.org/project/tokenizers/,https://github.com/huggingface/tokenizers,10423117
XlsxWriter,https://pypi.org/project/XlsxWriter/,https://github.com/jmcnamara/XlsxWriter,10412306
trove-classifiers,https://pypi.org/project/trove-classifiers/,https://github.com/pypa/trove-classifiers,10274705
mlflow,https://pypi.org/project/mlflow/,https://github.com/mlflow/mlflow,10274105
orjson,https://pypi.org/project/orjson/,https://github.com/ijl/orjson,10167701
croniter,https://pypi.org/project/croniter/,http://github.com/kiorky/croniter,10138793
mysql-connector-python,https://pypi.org/project/mysql-connector-python/,http://dev.mysql.com/doc/connector-python/en/index.html,10109776
watchtower,https://pypi.org/project/watchtower/,https://github.com/kislyuk/watchtower,9970446
arrow,https://pypi.org/project/arrow/,https://arrow.readthedocs.io,9918082
llvmlite,https://pypi.org/project/llvmlite/,https://github.com/numba/llvmlite,9899244
python-transip,https://pypi.org/project/python-transip/,https://github.com/roaldnefs/python-transip,9887224
certbot-dns-transip,https://pypi.org/project/certbot-dns-transip/,https://github.com/hsmade/certbot_dns_transip,9887010
tensorflow-serving-api,https://pypi.org/project/tensorflow-serving-api/,http://tensorflow.org/serving,9866039
pyproject_hooks,https://pypi.org/project/pyproject_hooks/,https://github.com/pypa/pyproject-hooks,9816772
slack-sdk,https://pypi.org/project/slack-sdk/,https://github.com/slackapi/python-slack-sdk,9805795
sentencepiece,https://pypi.org/project/sentencepiece/,https://github.com/google/sentencepiece,9777958
pytzdata,https://pypi.org/project/pytzdata/,https://github.com/sdispater/pytzdata,9739597
great-expectations,https://pypi.org/project/great-expectations/,https://greatexpectations.io,9551283
mypy,https://pypi.org/project/mypy/,https://www.mypy-lang.org/,9533982
futures,https://pypi.org/project/futures/,https://github.com/agronholm/pythonfutures,9515169
selenium,https://pypi.org/project/selenium/,https://www.selenium.dev,9493106
nbclient,https://pypi.org/project/nbclient/,https://github.com/jupyter/nbclient,9476412
torch,https://pypi.org/project/torch/,https://pytorch.org/,9433020
azure-mgmt-resource,https://pypi.org/project/azure-mgmt-resource/,https://github.com/Azure/azure-sdk-for-python,9420942
distro,https://pypi.org/project/distro/,https://github.com/python-distro/distro,9342616
dataclasses,https://pypi.org/project/dataclasses/,https://github.com/ericvsmith/dataclasses,9337566
keras,https://pypi.org/project/keras/,https://keras.io/,9310250
nltk,https://pypi.org/project/nltk/,https://github.com/nltk/nltk,9302953
Send2Trash,https://pypi.org/project/Send2Trash/,https://github.com/arsenetar/send2trash,9291281
tensorboard-data-server,https://pypi.org/project/tensorboard-data-server/,https://github.com/tensorflow/tensorboard/tree/master/tensorboard/data/server,9268311
nbclassic,https://pypi.org/project/nbclassic/,https://github.com/jupyter/nbclassic,9251976
ipython_genutils,https://pypi.org/project/ipython_genutils/,http://ipython.org,9210120
querystring-parser,https://pypi.org/project/querystring-parser/,https://github.com/bernii/querystring-parser,9198195
rfc3339-validator,https://pypi.org/project/rfc3339-validator/,https://github.com/naimetti/rfc3339-validator,9164772
gremlinpython,https://pypi.org/project/gremlinpython/,http://tinkerpop.apache.org,9157767
statsmodels,https://pypi.org/project/statsmodels/,https://github.com/statsmodels/statsmodels,9071818
azure-storage-file-datalake,https://pypi.org/project/azure-storage-file-datalake/,https://github.com/Azure/azure-sdk-for-python,9070203
apache-airflow,https://pypi.org/project/apache-airflow/,https://github.com/apache/airflow,9051855
opt-einsum,https://pypi.org/project/opt-einsum/,https://github.com/dgasmith/opt_einsum,9022456
responses,https://pypi.org/project/responses/,https://github.com/getsentry/responses,9008856
flatbuffers,https://pypi.org/project/flatbuffers/,https://github.com/google/flatbuffers,9003837
pysftp,https://pypi.org/project/pysftp/,https://bitbucket.org/dundeemt/pysftp,8889461
configparser,https://pypi.org/project/configparser/,https://github.com/jaraco/configparser/,8865939
Django,https://pypi.org/project/Django/,https://github.com/django/django,8669675
jsonpickle,https://pypi.org/project/jsonpickle/,https://github.com/jsonpickle/jsonpickle,8654057
boto,https://pypi.org/project/boto/,https://github.com/boto/boto/,8601313
asttokens,https://pypi.org/project/asttokens/,https://github.com/gristlabs/asttokens,8526353
hvac,https://pypi.org/project/hvac/,https://github.com/hvac/hvac,8501815
applicationinsights,https://pypi.org/project/applicationinsights/,https://github.com/Microsoft/ApplicationInsights-Python,8497269
multiprocess,https://pypi.org/project/multiprocess/,https://github.com/uqfoundation/multiprocess,8472681
pytest-mock,https://pypi.org/project/pytest-mock/,https://github.com/pytest-dev/pytest-mock/,8447521
tensorboard-plugin-wit,https://pypi.org/project/tensorboard-plugin-wit/,https://whatif-tool.dev,8414975
seaborn,https://pypi.org/project/seaborn/,https://github.com/mwaskom/seaborn,8410834
identify,https://pypi.org/project/identify/,https://github.com/pre-commit/identify,8376297
async_generator,https://pypi.org/project/async_generator/,https://github.com/python-trio/async_generator,8359661
semver,https://pypi.org/project/semver/,https://github.com/python-semver/python-semver,8332618
xgboost,https://pypi.org/project/xgboost/,https://github.com/dmlc/xgboost,8330858
pre-commit,https://pypi.org/project/pre-commit/,https://github.com/pre-commit/pre-commit,8306999
antlr4-python3-runtime,https://pypi.org/project/antlr4-python3-runtime/,http://www.antlr.org,8293756
executing,https://pypi.org/project/executing/,https://github.com/alexmojaki/executing,8276121
nodeenv,https://pypi.org/project/nodeenv/,https://github.com/ekalinin/nodeenv,8246151
thrift,https://pypi.org/project/thrift/,http://thrift.apache.org,8242069
argon2-cffi,https://pypi.org/project/argon2-cffi/,https://github.com/hynek/argon2-cffi,8137356
grpcio-health-checking,https://pypi.org/project/grpcio-health-checking/,https://grpc.io,8133773
blinker,https://pypi.org/project/blinker/,https://github.com/pallets-eco/blinker/,8103713
opencensus,https://pypi.org/project/opencensus/,https://github.com/census-instrumentation/opencensus-python,8093544
aiofiles,https://pypi.org/project/aiofiles/,https://github.com/Tinche/aiofiles,8086229
ipywidgets,https://pypi.org/project/ipywidgets/,http://jupyter.org,8085488
dataclasses-json,https://pypi.org/project/dataclasses-json/,https://github.com/lidatong/dataclasses-json,8083455
gspread,https://pypi.org/project/gspread/,https://github.com/burnash/gspread,8072686
inflection,https://pypi.org/project/inflection/,https://github.com/jpvanhal/inflection,8059288
azure-keyvault-secrets,https://pypi.org/project/azure-keyvault-secrets/,https://github.com/Azure/azure-sdk-for-python/tree/main/sdk/keyvault/azure-keyvault-secrets,8049596
PyGithub,https://pypi.org/project/PyGithub/,https://github.com/pygithub/pygithub,8041464
pandocfilters,https://pypi.org/project/pandocfilters/,http://github.com/jgm/pandocfilters,8001331
confluent-kafka,https://pypi.org/project/confluent-kafka/,https://github.com/confluentinc/confluent-kafka-python,7995134
typing,https://pypi.org/project/typing/,https://github.com/python/typing,7993556
widgetsnbextension,https://pypi.org/project/widgetsnbextension/,http://jupyter.org,7966766
cfgv,https://pypi.org/project/cfgv/,https://github.com/asottile/cfgv,7943614
zope.event,https://pypi.org/project/zope.event/,https://github.com/zopefoundation/zope.event,7930543
prettytable,https://pypi.org/project/prettytable/,https://github.com/jazzband/prettytable,7900576
stack-data,https://pypi.org/project/stack-data/,http://github.com/alexmojaki/stack_data,7892347
opencensus-context,https://pypi.org/project/opencensus-context/,https://github.com/census-instrumentation/opencensus-python/tree/master/context/opencensus-context,7844907
pure-eval,https://pypi.org/project/pure-eval/,http://github.com/alexmojaki/pure_eval,7838229
plotly,https://pypi.org/project/plotly/,https://plotly.com/python/,7809985
python-http-client,https://pypi.org/project/python-http-client/,https://github.com/sendgrid/python-http-client,7789551
patsy,https://pypi.org/project/patsy/,https://github.com/pydata/patsy,7754218
typed-ast,https://pypi.org/project/typed-ast/,https://github.com/python/typed_ast,7689771
retrying,https://pypi.org/project/retrying/,https://github.com/groodt/retrying,7687455
Sphinx,https://pypi.org/project/Sphinx/,https://www.sphinx-doc.org/,7668537
zeep,https://pypi.org/project/zeep/,https://github.com/mvantellingen/python-zeep,7655769
argon2-cffi-bindings,https://pypi.org/project/argon2-cffi-bindings/,https://github.com/hynek/argon2-cffi-bindings,7635497
typeguard,https://pypi.org/project/typeguard/,https://github.com/agronholm/typeguard,7608949
loguru,https://pypi.org/project/loguru/,https://github.com/Delgan/loguru,7607117
click-plugins,https://pypi.org/project/click-plugins/,https://github.com/click-contrib/click-plugins,7590514
jupyterlab-pygments,https://pypi.org/project/jupyterlab-pygments/,https://github.com/jupyterlab/jupyterlab_pygments,7564308
mypy-boto3-rds,https://pypi.org/project/mypy-boto3-rds/,https://github.com/youtype/mypy_boto3_builder,7488942
terminado,https://pypi.org/project/terminado/,https://github.com/jupyter/terminado,7480445
google-cloud-resource-manager,https://pypi.org/project/google-cloud-resource-manager/,https://github.com/googleapis/python-resource-manager,7458870
mpmath,https://pypi.org/project/mpmath/,https://github.com/fredrik-johansson/mpmath,7455165
tensorflow-io-gcs-filesystem,https://pypi.org/project/tensorflow-io-gcs-filesystem/,https://github.com/tensorflow/io,7449930
astunparse,https://pypi.org/project/astunparse/,https://github.com/simonpercivall/astunparse,7442673
azure-datalake-store,https://pypi.org/project/azure-datalake-store/,https://github.com/Azure/azure-data-lake-store-python,7438556
Authlib,https://pypi.org/project/Authlib/,https://github.com/lepture/authlib,7395989
uamqp,https://pypi.org/project/uamqp/,https://github.com/Azure/azure-uamqp-python,7377174
fastavro,https://pypi.org/project/fastavro/,https://github.com/fastavro/fastavro,7239506
aws-sam-translator,https://pypi.org/project/aws-sam-translator/,https://github.com/awslabs/serverless-application-model,7234468
sendgrid,https://pypi.org/project/sendgrid/,https://github.com/sendgrid/sendgrid-python/,7191147
sympy,https://pypi.org/project/sympy/,https://github.com/sympy/sympy,7152075
installer,https://pypi.org/project/installer/,https://github.com/pypa/installer,7131007
pytest-xdist,https://pypi.org/project/pytest-xdist/,https://github.com/pytest-dev/pytest-xdist,7120154
azure-mgmt-storage,https://pypi.org/project/azure-mgmt-storage/,https://github.com/Azure/azure-sdk-for-python,7106697
constructs,https://pypi.org/project/constructs/,https://github.com/aws/constructs.git,7095133
jupyterlab-widgets,https://pypi.org/project/jupyterlab-widgets/,https://github.com/jupyter-widgets/ipywidgets,7088235
mdit-py-plugins,https://pypi.org/project/mdit-py-plugins/,https://github.com/executablebooks/mdit-py-plugins,7053051
opencv-python,https://pypi.org/project/opencv-python/,https://github.com/opencv/opencv-python,7045364
types-PyYAML,https://pypi.org/project/types-PyYAML/,https://github.com/python/typeshed,7039777
kafka-python,https://pypi.org/project/kafka-python/,https://github.com/dpkp/kafka-python,7018247
snowballstemmer,https://pypi.org/project/snowballstemmer/,https://github.com/snowballstem/snowball,6998256
structlog,https://pypi.org/project/structlog/,https://github.com/hynek/structlog,6974898
azure-graphrbac,https://pypi.org/project/azure-graphrbac/,https://github.com/Azure/azure-sdk-for-python,6967188
opentelemetry-api,https://pypi.org/project/opentelemetry-api/,https://github.com/open-telemetry/opentelemetry-python/tree/main/opentelemetry-api,6955513
graphviz,https://pypi.org/project/graphviz/,https://github.com/xflr6/graphviz,6923321
ordered-set,https://pypi.org/project/ordered-set/,https://github.com/rspeer/ordered-set,6922874
opentelemetry-sdk,https://pypi.org/project/opentelemetry-sdk/,https://github.com/open-telemetry/opentelemetry-python/tree/main/opentelemetry-sdk,6921935
scikit-image,https://pypi.org/project/scikit-image/,https://github.com/scikit-image/scikit-image,6911075
deprecation,https://pypi.org/project/deprecation/,https://github.com/briancurtin/deprecation,6883147
azure-keyvault,https://pypi.org/project/azure-keyvault/,https://github.com/Azure/azure-sdk-for-python/tree/main/sdk/keyvault/azure-keyvault,6834824
db-dtypes,https://pypi.org/project/db-dtypes/,https://github.com/googleapis/python-db-dtypes-pandas,6807990
libcst,https://pypi.org/project/libcst/,https://github.com/Instagram/LibCST,6795529
execnet,https://pypi.org/project/execnet/,https://execnet.readthedocs.io/en/latest/,6732543
semantic-version,https://pypi.org/project/semantic-version/,https://github.com/rbarrois/python-semanticversion,6702744
checkov,https://pypi.org/project/checkov/,https://github.com/bridgecrewio/checkov,6671103
youtube_dl,https://pypi.org/project/youtube_dl/,https://github.com/ytdl-org/youtube-dl,6664155
python-gnupg,https://pypi.org/project/python-gnupg/,https://github.com/vsajip/python-gnupg,6629384
randomstuff.py,https://pypi.org/project/randomstuff.py/,https://github.com/nerdguyahmad/randomstuff.py,6570398
enum34,https://pypi.org/project/enum34/,https://bitbucket.org/stoneleaf/enum34,6560795
cssselect,https://pypi.org/project/cssselect/,https://github.com/scrapy/cssselect,6560019
dask,https://pypi.org/project/dask/,https://github.com/dask/dask/,6552894
apache-beam,https://pypi.org/project/apache-beam/,https://beam.apache.org,6543261
gevent,https://pypi.org/project/gevent/,https://github.com/gevent/gevent/,6526001
colorlog,https://pypi.org/project/colorlog/,https://github.com/borntyping/python-colorlog,6515651
virtualenv-clone,https://pypi.org/project/virtualenv-clone/,https://github.com/edwardgeorge/virtualenv-clone,6505642
apache-airflow-providers-snowflake,https://pypi.org/project/apache-airflow-providers-snowflake/,https://github.com/apache/airflow,6496114
parsedatetime,https://pypi.org/project/parsedatetime/,https://github.com/bear/parsedatetime,6484940
pandas-gbq,https://pypi.org/project/pandas-gbq/,https://github.com/googleapis/python-bigquery-pandas,6476699
avro-python3,https://pypi.org/project/avro-python3/,https://avro.apache.org/,6448157
pydub,https://pypi.org/project/pydub/,http://pydub.com,6360339
ujson,https://pypi.org/project/ujson/,https://github.com/ultrajson/ultrajson,6359108
databricks-sql-connector,https://pypi.org/project/databricks-sql-connector/,https://github.com/databricks/databricks-sql-python,6345710
Brotli,https://pypi.org/project/Brotli/,https://github.com/google/brotli,6341717
azure-mgmt-containerregistry,https://pypi.org/project/azure-mgmt-containerregistry/,https://github.com/Azure/azure-sdk-for-python,6319484
pipenv,https://pypi.org/project/pipenv/,https://github.com/pypa/pipenv,6312475
azure-mgmt-keyvault,https://pypi.org/project/azure-mgmt-keyvault/,https://github.com/Azure/azure-sdk-for-python,6305390
lz4,https://pypi.org/project/lz4/,https://github.com/python-lz4/python-lz4,6246576
opencensus-ext-azure,https://pypi.org/project/opencensus-ext-azure/,https://github.com/census-instrumentation/opencensus-python/tree/master/contrib/opencensus-ext-azure,6233130
google-cloud-aiplatform,https://pypi.org/project/google-cloud-aiplatform/,https://github.com/googleapis/python-aiplatform,6200301
wsproto,https://pypi.org/project/wsproto/,https://github.com/python-hyper/wsproto/,6177597
fuzzywuzzy,https://pypi.org/project/fuzzywuzzy/,https://github.com/seatgeek/fuzzywuzzy,6176208
pathlib2,https://pypi.org/project/pathlib2/,https://github.com/jazzband/pathlib2,6093912
astor,https://pypi.org/project/astor/,https://github.com/berkerpeksag/astor,6092545
argparse,https://pypi.org/project/argparse/,https://github.com/ThomasWaldmann/argparse/,6063149
simple-salesforce,https://pypi.org/project/simple-salesforce/,https://github.com/simple-salesforce/simple-salesforce,6059661
moto,https://pypi.org/project/moto/,https://github.com/getmoto/moto,6057253
azure-storage-queue,https://pypi.org/project/azure-storage-queue/,https://github.com/Azure/azure-sdk-for-python/tree/main/sdk/storage/azure-storage-queue,6042441
tb-nightly,https://pypi.org/project/tb-nightly/,https://github.com/tensorflow/tensorboard,6027304
fire,https://pypi.org/project/fire/,https://github.com/google/python-fire,6012256
Faker,https://pypi.org/project/Faker/,https://github.com/joke2k/faker,6006890
delta-spark,https://pypi.org/project/delta-spark/,https://github.com/delta-io/delta,6006525
pycrypto,https://pypi.org/project/pycrypto/,http://www.pycrypto.org/,6002383
linkify-it-py,https://pypi.org/project/linkify-it-py/,https://github.com/tsutsu3/linkify-it-py,6002048
prometheus-flask-exporter,https://pypi.org/project/prometheus-flask-exporter/,https://github.com/rycus86/prometheus_flask_exporter,5983966
azure-mgmt-authorization,https://pypi.org/project/azure-mgmt-authorization/,https://github.com/Azure/azure-sdk-for-python,5966926
Keras-Preprocessing,https://pypi.org/project/Keras-Preprocessing/,https://github.com/keras-team/keras-preprocessing,5949083
gcsfs,https://pypi.org/project/gcsfs/,https://github.com/fsspec/gcsfs,5909253
unicodecsv,https://pypi.org/project/unicodecsv/,https://github.com/jdunck/python-unicodecsv,5907861
azure-cosmos,https://pypi.org/project/azure-cosmos/,https://github.com/Azure/azure-sdk-for-python,5878426
PyWavelets,https://pypi.org/project/PyWavelets/,https://github.com/PyWavelets/pywt,5873256
libclang,https://pypi.org/project/libclang/,https://github.com/sighingnow/libclang,5864271
pyproj,https://pypi.org/project/pyproj/,https://github.com/pyproj4/pyproj,5834231
ecdsa,https://pypi.org/project/ecdsa/,http://github.com/tlsfuzzer/python-ecdsa,5826918
python-jose,https://pypi.org/project/python-jose/,https://github.com/mpdavis/python-jose/,5818945
uc-micro-py,https://pypi.org/project/uc-micro-py/,https://github.com/tsutsu3/uc.micro-py,5805978
stevedore,https://pypi.org/project/stevedore/,https://docs.openstack.org/stevedore/latest/,5800406
pyathena,https://pypi.org/project/pyathena/,https://github.com/laughingman7743/PyAthena/,5795641
rfc3986-validator,https://pypi.org/project/rfc3986-validator/,https://github.com/naimetti/rfc3986-validator,5786245
Flask-WTF,https://pypi.org/project/Flask-WTF/,https://github.com/wtforms/flask-wtf/,5777692
imageio-ffmpeg,https://pypi.org/project/imageio-ffmpeg/,https://github.com/imageio/imageio-ffmpeg,5731940
jupyter-events,https://pypi.org/project/jupyter-events/,http://jupyter.org,5714582
python-multipart,https://pypi.org/project/python-multipart/,https://github.com/andrew-d/python-multipart,5712044
coloredlogs,https://pypi.org/project/coloredlogs/,https://coloredlogs.readthedocs.io,5695152
ijson,https://pypi.org/project/ijson/,https://github.com/ICRAR/ijson,5686316
email-validator,https://pypi.org/project/email-validator/,https://github.com/JoshData/python-email-validator,5666206
python-daemon,https://pypi.org/project/python-daemon/,https://pagure.io/python-daemon/,5630080
knack,https://pypi.org/project/knack/,https://github.com/microsoft/knack,5616087
pymssql,https://pypi.org/project/pymssql/,https://github.com/pymssql/pymssql,5546153
Flask-AppBuilder,https://pypi.org/project/Flask-AppBuilder/,https://github.com/dpgaspar/flask-appbuilder/,5544851
alabaster,https://pypi.org/project/alabaster/,https://github.com/bitprophet/alabaster,5517321
imagesize,https://pypi.org/project/imagesize/,https://github.com/shibukawa/imagesize_py,5496204
trio-websocket,https://pypi.org/project/trio-websocket/,https://github.com/HyperionGray/trio-websocket,5484763
moviepy,https://pypi.org/project/moviepy/,https://zulko.github.io/moviepy/,5481030
apispec,https://pypi.org/project/apispec/,https://github.com/marshmallow-code/apispec,5474572
celery,https://pypi.org/project/celery/,http://celeryproject.org,5473912
kombu,https://pypi.org/project/kombu/,https://kombu.readthedocs.io,5457847
amqp,https://pypi.org/project/amqp/,http://github.com/celery/py-amqp,5457153
google-cloud-logging,https://pypi.org/project/google-cloud-logging/,https://github.com/googleapis/python-logging,5410244
trio,https://pypi.org/project/trio/,https://github.com/python-trio/trio,5403788
lightgbm,https://pypi.org/project/lightgbm/,https://github.com/microsoft/LightGBM,5402158
Cerberus,https://pypi.org/project/Cerberus/,http://docs.python-cerberus.org,5369619
mypy-boto3-appflow,https://pypi.org/project/mypy-boto3-appflow/,https://github.com/youtype/mypy_boto3_builder,5363936
outcome,https://pypi.org/project/outcome/,https://github.com/python-trio/outcome,5363690
shap,https://pypi.org/project/shap/,http://github.com/slundberg/shap,5353216
google-cloud-firestore,https://pypi.org/project/google-cloud-firestore/,https://github.com/googleapis/python-firestore,5341211
Flask-Login,https://pypi.org/project/Flask-Login/,https://github.com/maxcountryman/flask-login,5313487
pydata-google-auth,https://pypi.org/project/pydata-google-auth/,https://github.com/pydata/pydata-google-auth,5312402
Keras-Applications,https://pypi.org/project/Keras-Applications/,https://github.com/keras-team/keras-applications,5310710
jupyter-server-terminals,https://pypi.org/project/jupyter-server-terminals/,https://jupyter.org,5294208
hpack,https://pypi.org/project/hpack/,https://github.com/python-hyper/hpack,5258546
graphframes,https://pypi.org/project/graphframes/,https://github.com/graphframes/graphframes,5256315
Flask-Cors,https://pypi.org/project/Flask-Cors/,https://github.com/corydolphin/flask-cors,5237068
slackclient,https://pypi.org/project/slackclient/,https://github.com/slackapi/python-slack-sdk,5219068
djangorestframework,https://pypi.org/project/djangorestframework/,https://github.com/encode/django-rest-framework,5215307
azure-keyvault-keys,https://pypi.org/project/azure-keyvault-keys/,https://github.com/Azure/azure-sdk-for-python/tree/main/sdk/keyvault/azure-keyvault-keys,5197042
torchvision,https://pypi.org/project/torchvision/,https://github.com/pytorch/vision,5189611
freezegun,https://pypi.org/project/freezegun/,https://github.com/spulec/freezegun,5170993
h2,https://pypi.org/project/h2/,https://github.com/python-hyper/h2,5154088
python-magic,https://pypi.org/project/python-magic/,http://github.com/ahupp/python-magic,5144956
hyperframe,https://pypi.org/project/hyperframe/,https://github.com/python-hyper/hyperframe/,5142977
pytest-asyncio,https://pypi.org/project/pytest-asyncio/,https://github.com/pytest-dev/pytest-asyncio,5118061
tldextract,https://pypi.org/project/tldextract/,https://github.com/john-kurkowski/tldextract,5109185
PyMeeus,https://pypi.org/project/PyMeeus/,https://github.com/architest/pymeeus,5081184
commonmark,https://pypi.org/project/commonmark/,https://github.com/rtfd/commonmark.py,5051142
azure-eventhub,https://pypi.org/project/azure-eventhub/,https://github.com/Azure/azure-sdk-for-python/tree/main/sdk/eventhub/azure-eventhub,5050867
docstring-parser,https://pypi.org/project/docstring-parser/,https://github.com/rr-/docstring_parser,5024916
holidays,https://pypi.org/project/holidays/,https://github.com/dr-prodigy/python-holidays,5010396
hypothesis,https://pypi.org/project/hypothesis/,https://github.com/HypothesisWorks/hypothesis/tree/master/hypothesis-python,5002658
sphinxcontrib-serializinghtml,https://pypi.org/project/sphinxcontrib-serializinghtml/,http://sphinx-doc.org/,4983952
billiard,https://pypi.org/project/billiard/,https://github.com/celery/billiard,4960747
sphinxcontrib-htmlhelp,https://pypi.org/project/sphinxcontrib-htmlhelp/,https://www.sphinx-doc.org/,4929120
sphinxcontrib-applehelp,https://pypi.org/project/sphinxcontrib-applehelp/,https://www.sphinx-doc.org/,4915894
vine,https://pypi.org/project/vine/,http://github.com/celery/vine,4902049
sshtunnel,https://pypi.org/project/sshtunnel/,https://github.com/pahaz/sshtunnel,4899165
azure-mgmt-dns,https://pypi.org/project/azure-mgmt-dns/,https://github.com/Azure/azure-sdk-for-python,4886540
validators,https://pypi.org/project/validators/,https://github.com/kvesteri/validators,4879495
Flask-SQLAlchemy,https://pypi.org/project/Flask-SQLAlchemy/,https://github.com/pallets-eco/flask-sqlalchemy/,4865146
starkbank-ecdsa,https://pypi.org/project/starkbank-ecdsa/,https://github.com/starkbank/ecdsa-python.git,4820204
dateparser,https://pypi.org/project/dateparser/,https://github.com/scrapinghub/dateparser,4809936
convertdate,https://pypi.org/project/convertdate/,https://github.com/fitnr/convertdate,4805679
sphinxcontrib-devhelp,https://pypi.org/project/sphinxcontrib-devhelp/,http://sphinx-doc.org/,4801306
sphinxcontrib-qthelp,https://pypi.org/project/sphinxcontrib-qthelp/,http://sphinx-doc.org/,4800224
sphinxcontrib-jsmath,https://pypi.org/project/sphinxcontrib-jsmath/,http://sphinx-doc.org/,4797854
Flask-JWT-Extended,https://pypi.org/project/Flask-JWT-Extended/,https://github.com/vimalloc/flask-jwt-extended,4796612
pyhcl,https://pypi.org/project/pyhcl/,https://github.com/virtuald/pyhcl,4790546
atomicwrites,https://pypi.org/project/atomicwrites/,https://github.com/untitaker/python-atomicwrites,4782230
avro,https://pypi.org/project/avro/,https://avro.apache.org/,4772045
setproctitle,https://pypi.org/project/setproctitle/,https://github.com/dvarrazzo/py-setproctitle,4767199
cmake,https://pypi.org/project/cmake/,https://github.com/scikit-build/cmake-python-distributions,4762950
tensorflow-metadata,https://pypi.org/project/tensorflow-metadata/,https://github.com/tensorflow/metadata/tags,4737393
google-cloud-appengine-logging,https://pypi.org/project/google-cloud-appengine-logging/,https://github.com/googleapis/python-appengine-logging,4689004
korean-lunar-calendar,https://pypi.org/project/korean-lunar-calendar/,https://github.com/usingsky/korean_lunar_calendar_py,4680579
marshmallow-sqlalchemy,https://pypi.org/project/marshmallow-sqlalchemy/,https://github.com/marshmallow-code/marshmallow-sqlalchemy,4678864
slicer,https://pypi.org/project/slicer/,https://github.com/interpretml/slicer,4674810
spacy,https://pypi.org/project/spacy/,https://github.com/explosion/spaCy,4664220
azure-data-tables,https://pypi.org/project/azure-data-tables/,https://github.com/Azure/azure-sdk-for-python/tree/main/sdk/table/azure-table,4661595
texttable,https://pypi.org/project/texttable/,https://github.com/foutaise/texttable/,4655774
opentelemetry-semantic-conventions,https://pypi.org/project/opentelemetry-semantic-conventions/,https://github.com/open-telemetry/opentelemetry-python/tree/main/opentelemetry-semantic-conventions,4611668
azure-mgmt-nspkg,https://pypi.org/project/azure-mgmt-nspkg/,https://github.com/Azure/azure-sdk-for-python,4606978
tblib,https://pypi.org/project/tblib/,https://github.com/ionelmc/python-tblib,4581845
pycountry,https://pypi.org/project/pycountry/,https://github.com/flyingcircusio/pycountry,4569195
dpath,https://pypi.org/project/dpath/,https://github.com/dpath-maintainers/dpath-python,4559569
stringcase,https://pypi.org/project/stringcase/,https://github.com/okunishinishi/python-stringcase,4555211
azure-cosmosdb-table,https://pypi.org/project/azure-cosmosdb-table/,https://github.com/Azure/azure-cosmosdb-python,4547681
cachelib,https://pypi.org/project/cachelib/,https://github.com/pallets-eco/cachelib/,4536552
munch,https://pypi.org/project/munch/,https://github.com/Infinidat/munch,4511853
distributed,https://pypi.org/project/distributed/,https://github.com/dask/distributed,4506294
pydot,https://pypi.org/project/pydot/,https://github.com/pydot/pydot,4501697
jupyter-console,https://pypi.org/project/jupyter-console/,https://jupyter.org,4498770
scandir,https://pypi.org/project/scandir/,https://github.com/benhoyt/scandir,4487664
azure-mgmt-compute,https://pypi.org/project/azure-mgmt-compute/,https://github.com/Azure/azure-sdk-for-python,4441137
ratelimit,https://pypi.org/project/ratelimit/,https://github.com/tomasbasham/ratelimit,4403663
yq,https://pypi.org/project/yq/,https://github.com/kislyuk/yq,4402994
nose,https://pypi.org/project/nose/,http://readthedocs.org/docs/nose/,4402959
schema,https://pypi.org/project/schema/,https://github.com/keleshev/schema,4395548
google-cloud-dlp,https://pypi.org/project/google-cloud-dlp/,https://github.com/googleapis/python-dlp,4391330
connexion,https://pypi.org/project/connexion/,https://github.com/zalando/connexion,4390608
invoke,https://pypi.org/project/invoke/,https://github.com/pyinvoke/invoke,4386944
azure-mgmt-datalake-nspkg,https://pypi.org/project/azure-mgmt-datalake-nspkg/,https://github.com/Azure/azure-sdk-for-python,4381731
cligj,https://pypi.org/project/cligj/,https://github.com/mapbox/cligj,4362627
uvloop,https://pypi.org/project/uvloop/,http://github.com/MagicStack/uvloop,4355875
pywin32,https://pypi.org/project/pywin32/,https://github.com/mhammond/pywin32,4351864
comm,https://pypi.org/project/comm/,https://github.com/ipython/comm,4350032
statsd,https://pypi.org/project/statsd/,https://github.com/jsocol/pystatsd,4347249
makefun,https://pypi.org/project/makefun/,https://github.com/smarie/python-makefun,4341699
kfp,https://pypi.org/project/kfp/,https://github.com/kubeflow/pipelines/tree/master/sdk,4341083
apache-airflow-providers-common-sql,https://pypi.org/project/apache-airflow-providers-common-sql/,https://github.com/apache/airflow,4322859
pathos,https://pypi.org/project/pathos/,https://github.com/uqfoundation/pathos,4319420
azure-cosmosdb-nspkg,https://pypi.org/project/azure-cosmosdb-nspkg/,https://github.com/Azure/azure-cosmosdb-python,4291470
jira,https://pypi.org/project/jira/,https://github.com/pycontribs/jira.git,4286506
nvidia-cudnn-cu11,https://pypi.org/project/nvidia-cudnn-cu11/,https://developer.nvidia.com/cuda-zone,4285692
Fiona,https://pypi.org/project/Fiona/,https://github.com/Toblerity/Fiona,4283984
cron-descriptor,https://pypi.org/project/cron-descriptor/,https://github.com/Salamek/cron-descriptor,4279833
azure-cli-core,https://pypi.org/project/azure-cli-core/,https://github.com/Azure/azure-cli,4279004
hijri-converter,https://pypi.org/project/hijri-converter/,https://hijri-converter.readthedocs.io,4274101
xxhash,https://pypi.org/project/xxhash/,https://github.com/ifduyue/python-xxhash,4272400
nvidia-cublas-cu11,https://pypi.org/project/nvidia-cublas-cu11/,https://developer.nvidia.com/cuda-zone,4260839
omegaconf,https://pypi.org/project/omegaconf/,https://github.com/omry/omegaconf,4259883
jsondiff,https://pypi.org/project/jsondiff/,https://github.com/ZoomerAnalytics/jsondiff,4259128
pytorch-lightning,https://pypi.org/project/pytorch-lightning/,https://github.com/Lightning-AI/lightning,4236748
nvidia-cuda-runtime-cu11,https://pypi.org/project/nvidia-cuda-runtime-cu11/,https://developer.nvidia.com/cuda-zone,4218615
user-agent,https://pypi.org/project/user-agent/,https://github.com/lorien/user_agent,4213822
nvidia-cuda-nvrtc-cu11,https://pypi.org/project/nvidia-cuda-nvrtc-cu11/,https://developer.nvidia.com/cuda-zone,4208153
apache-airflow-providers-http,https://pypi.org/project/apache-airflow-providers-http/,https://github.com/apache/airflow,4206526
pybind11,https://pypi.org/project/pybind11/,https://github.com/pybind/pybind11,4206483
Telethon,https://pypi.org/project/Telethon/,https://github.com/LonamiWebs/Telethon,4205087
types-requests,https://pypi.org/project/types-requests/,https://github.com/python/typeshed,4191711
pyotp,https://pypi.org/project/pyotp/,https://github.com/pyotp/pyotp,4184898
promise,https://pypi.org/project/promise/,https://github.com/syrusakbary/promise,4184457
ipaddress,https://pypi.org/project/ipaddress/,https://github.com/phihag/ipaddress,4099923
pyquery,https://pypi.org/project/pyquery/,https://github.com/gawel/pyquery,4087810
tifffile,https://pypi.org/project/tifffile/,https://github.com/cgohlke/tifffile,4087575
fasteners,https://pypi.org/project/fasteners/,https://github.com/harlowja/fasteners,4087559
scp,https://pypi.org/project/scp/,https://github.com/jbardin/scp.py,4080327
jax,https://pypi.org/project/jax/,https://github.com/google/jax,4073729
PyPDF2,https://pypi.org/project/PyPDF2/,https://github.com/py-pdf/PyPDF2,4071674
ansible,https://pypi.org/project/ansible/,https://github.com/ansible/ansible,4068148
pox,https://pypi.org/project/pox/,https://github.com/uqfoundation/pox,4066321
thinc,https://pypi.org/project/thinc/,https://github.com/explosion/thinc,4062073
graphql-core,https://pypi.org/project/graphql-core/,https://github.com/graphql-python/graphql-core,4049334
ppft,https://pypi.org/project/ppft/,https://github.com/uqfoundation/ppft,4044236
humanize,https://pypi.org/project/humanize/,https://github.com/python-humanize/humanize,4026040
azure-mgmt-cosmosdb,https://pypi.org/project/azure-mgmt-cosmosdb/,https://github.com/Azure/azure-sdk-for-python,4023212
ndg-httpsclient,https://pypi.org/project/ndg-httpsclient/,https://github.com/cedadev/ndg_httpsclient/,4011574
geopandas,https://pypi.org/project/geopandas/,https://geopandas.org,4006424
pydeequ,https://pypi.org/project/pydeequ/,https://pydeequ.readthedocs.io,3997334
SQLAlchemy-Utils,https://pypi.org/project/SQLAlchemy-Utils/,https://github.com/kvesteri/sqlalchemy-utils,3992513
monotonic,https://pypi.org/project/monotonic/,https://github.com/atdt/monotonic,3987693
gensim,https://pypi.org/project/gensim/,https://github.com/RaRe-Technologies/gensim,3982018
JPype1,https://pypi.org/project/JPype1/,https://github.com/jpype-project/jpype,3970591
azure-cli,https://pypi.org/project/azure-cli/,https://github.com/Azure/azure-cli,3969501
pytest-forked,https://pypi.org/project/pytest-forked/,https://github.com/pytest-dev/pytest-forked,3963949
azure-mgmt-datalake-analytics,https://pypi.org/project/azure-mgmt-datalake-analytics/,https://github.com/Azure/azure-sdk-for-python,3944503
kfp-server-api,https://pypi.org/project/kfp-server-api/,https://github.com/kubeflow/pipelines,3943294
crcmod,https://pypi.org/project/crcmod/,http://crcmod.sourceforge.net/,3939441
yamllint,https://pypi.org/project/yamllint/,https://github.com/adrienverge/yamllint,3936553
torchmetrics,https://pypi.org/project/torchmetrics/,https://github.com/Lightning-AI/metrics,3935899
azure-mgmt-datalake-store,https://pypi.org/project/azure-mgmt-datalake-store/,https://github.com/Azure/azure-sdk-for-python,3932456
partd,https://pypi.org/project/partd/,http://github.com/dask/partd/,3920724
wasabi,https://pypi.org/project/wasabi/,https://github.com/explosion/wasabi,3894502
sh,https://pypi.org/project/sh/,https://amoffat.github.io/sh/,3893907
mysqlclient,https://pypi.org/project/mysqlclient/,https://github.com/PyMySQL/mysqlclient,3892587
boltons,https://pypi.org/project/boltons/,https://github.com/mahmoud/boltons,3885285
phonenumbers,https://pypi.org/project/phonenumbers/,https://github.com/daviddrysdale/python-phonenumbers,3884138
iso8601,https://pypi.org/project/iso8601/,https://github.com/micktwomey/pyiso8601,3883860
locket,https://pypi.org/project/locket/,http://github.com/mwilliamson/locket.py,3881090
kfp-pipeline-spec,https://pypi.org/project/kfp-pipeline-spec/,https://github.com/kubeflow/pipelines,3877071
Flask-Session,https://pypi.org/project/Flask-Session/,https://github.com/pallets-eco/flask-session/,3860998
google-cloud-bigtable,https://pypi.org/project/google-cloud-bigtable/,https://github.com/googleapis/python-bigtable,3848453
pytimeparse,https://pypi.org/project/pytimeparse/,https://github.com/wroberts/pytimeparse,3844321
python-editor,https://pypi.org/project/python-editor/,https://github.com/fmoo/python-editor,3838473
azure-mgmt-sql,https://pypi.org/project/azure-mgmt-sql/,https://github.com/Azure/azure-sdk-for-python,3831757
pathtools,https://pypi.org/project/pathtools/,http://github.com/gorakhargosh/pathtools,3821942
geopy,https://pypi.org/project/geopy/,https://github.com/geopy/geopy,3820497
google-cloud-kms,https://pypi.org/project/google-cloud-kms/,https://github.com/googleapis/python-kms,3816898
strip-hints,https://pypi.org/project/strip-hints/,https://github.com/abarker/strip-hints,3810328
azure-mgmt-containerservice,https://pypi.org/project/azure-mgmt-containerservice/,https://github.com/Azure/azure-sdk-for-python,3797229
azure-mgmt-msi,https://pypi.org/project/azure-mgmt-msi/,https://github.com/Azure/azure-sdk-for-python,3793507
types-urllib3,https://pypi.org/project/types-urllib3/,https://github.com/python/typeshed,3788742
geoip2,https://pypi.org/project/geoip2/,https://github.com/maxmind/GeoIP2-python,3786948
Flask-Caching,https://pypi.org/project/Flask-Caching/,https://github.com/pallets-eco/flask-caching,3782482
aws-psycopg2,https://pypi.org/project/aws-psycopg2/,https://github.com/AbhimanyuHK/aws-psycopg2,3782017
azure-mgmt-recoveryservices,https://pypi.org/project/azure-mgmt-recoveryservices/,https://github.com/Azure/azure-sdk-for-python,3781047
geographiclib,https://pypi.org/project/geographiclib/,https://geographiclib.sourceforge.io/Python/2.0,3777428
ddtrace,https://pypi.org/project/ddtrace/,https://github.com/DataDog/dd-trace-py/,3776646
azure-mgmt-datafactory,https://pypi.org/project/azure-mgmt-datafactory/,https://github.com/Azure/azure-sdk-for-python,3772505
protobuf3-to-dict,https://pypi.org/project/protobuf3-to-dict/,https://github.com/kaporzhu/protobuf-to-dict,3765891
boto3-type-annotations,https://pypi.org/project/boto3-type-annotations/,https://github.com/alliefitter/boto3_type_annotations,3739651
murmurhash,https://pypi.org/project/murmurhash/,https://github.com/explosion/murmurhash,3738047
azure-servicebus,https://pypi.org/project/azure-servicebus/,https://github.com/Azure/azure-sdk-for-python,3736260
srsly,https://pypi.org/project/srsly/,https://github.com/explosion/srsly,3735649
smdebug-rulesconfig,https://pypi.org/project/smdebug-rulesconfig/,https://github.com/awslabs/sagemaker-debugger-rulesconfig,3726448
azure-mgmt-network,https://pypi.org/project/azure-mgmt-network/,https://github.com/Azure/azure-sdk-for-python,3723446
WTForms,https://pypi.org/project/WTForms/,https://wtforms.readthedocs.io/,3721097
blis,https://pypi.org/project/blis/,https://github.com/explosion/cython-blis,3720663
google-cloud-monitoring,https://pypi.org/project/google-cloud-monitoring/,https://github.com/googleapis/python-monitoring,3718764
httptools,https://pypi.org/project/httptools/,https://github.com/MagicStack/httptools,3714421
netaddr,https://pypi.org/project/netaddr/,https://github.com/drkjam/netaddr/,3712033
readme-renderer,https://pypi.org/project/readme-renderer/,https://github.com/pypa/readme_renderer,3707242
azure-batch,https://pypi.org/project/azure-batch/,https://github.com/Azure/azure-sdk-for-python,3702141
azure-mgmt-signalr,https://pypi.org/project/azure-mgmt-signalr/,https://github.com/Azure/azure-sdk-for-python,3702110
cymem,https://pypi.org/project/cymem/,https://github.com/explosion/cymem,3688187
azure-mgmt-monitor,https://pypi.org/project/azure-mgmt-monitor/,https://github.com/Azure/azure-sdk-for-python,3678228
preshed,https://pypi.org/project/preshed/,https://github.com/explosion/preshed,3677549
twine,https://pypi.org/project/twine/,https://github.com/pypa/twine/,3669089
junit-xml,https://pypi.org/project/junit-xml/,https://github.com/kyrus/python-junit-xml,3667719
einops,https://pypi.org/project/einops/,https://github.com/arogozhnikov/einops,3655227
yapf,https://pypi.org/project/yapf/,https://github.com/google/yapf,3654471
catalogue,https://pypi.org/project/catalogue/,https://github.com/explosion/catalogue,3650996
python-jenkins,https://pypi.org/project/python-jenkins/,https://opendev.org/jjb/python-jenkins,3645696
azure-mgmt-containerinstance,https://pypi.org/project/azure-mgmt-containerinstance/,https://github.com/Azure/azure-sdk-for-python,3638576
pyproject-api,https://pypi.org/project/pyproject-api/,https://github.com/tox-dev/pyproject-api,3623513
tensorflow-text,https://pypi.org/project/tensorflow-text/,http://github.com/tensorflow/text,3616143
multi_key_dict,https://pypi.org/project/multi_key_dict/,https://github.com/formiaczek/multi_key_dict,3615962
terminaltables,https://pypi.org/project/terminaltables/,https://github.com/matthewdeanmartin/terminaltables,3614424
azure-mgmt-eventhub,https://pypi.org/project/azure-mgmt-eventhub/,https://github.com/Azure/azure-sdk-for-python,3609356
pyserial,https://pypi.org/project/pyserial/,https://github.com/pyserial/pyserial,3607911
azure-mgmt-web,https://pypi.org/project/azure-mgmt-web/,https://github.com/Azure/azure-sdk-for-python,3595132
pip-tools,https://pypi.org/project/pip-tools/,https://github.com/jazzband/pip-tools/,3590577
azure-mgmt-batch,https://pypi.org/project/azure-mgmt-batch/,https://github.com/Azure/azure-sdk-for-python,3590166
maxminddb,https://pypi.org/project/maxminddb/,https://github.com/maxmind/MaxMind-DB-Reader-python,3587136
cog,https://pypi.org/project/cog/,https://github.com/replicate/cog,3581466
azure-mgmt-rdbms,https://pypi.org/project/azure-mgmt-rdbms/,https://github.com/Azure/azure-sdk-for-python,3580886
webcolors,https://pypi.org/project/webcolors/,https://github.com/ubernostrum/webcolors,3578971
jdcal,https://pypi.org/project/jdcal/,https://github.com/phn/jdcal,3572154
gradio,https://pypi.org/project/gradio/,https://github.com/gradio-app/gradio,3555678
azure-mgmt-redis,https://pypi.org/project/azure-mgmt-redis/,https://github.com/Azure/azure-sdk-for-python,3550592
azure-mgmt-servicebus,https://pypi.org/project/azure-mgmt-servicebus/,https://github.com/Azure/azure-sdk-for-python,3544089
azure-mgmt-loganalytics,https://pypi.org/project/azure-mgmt-loganalytics/,https://github.com/Azure/azure-sdk-for-python,3542287
opentelemetry-proto,https://pypi.org/project/opentelemetry-proto/,https://github.com/open-telemetry/opentelemetry-python/tree/main/opentelemetry-proto,3525580
azure-loganalytics,https://pypi.org/project/azure-loganalytics/,https://github.com/Azure/azure-sdk-for-python,3524485
azure-mgmt-iothub,https://pypi.org/project/azure-mgmt-iothub/,https://github.com/Azure/azure-sdk-for-python,3516900
azure-mgmt-cdn,https://pypi.org/project/azure-mgmt-cdn/,https://github.com/Azure/azure-sdk-for-python,3510144
azure-mgmt-trafficmanager,https://pypi.org/project/azure-mgmt-trafficmanager/,https://github.com/Azure/azure-sdk-for-python,3508716
jupyterlab-server,https://pypi.org/project/jupyterlab-server/,https://github.com/jupyterlab/jupyterlab_server,3504871
pyperclip,https://pypi.org/project/pyperclip/,https://github.com/asweigart/pyperclip,3503735
google-cloud,https://pypi.org/project/google-cloud/,https://github.com/GoogleCloudPlatform/google-cloud-python,3499624
azure-mgmt-cognitiveservices,https://pypi.org/project/azure-mgmt-cognitiveservices/,https://github.com/Azure/azure-sdk-for-python,3499156
azure-mgmt-recoveryservicesbackup,https://pypi.org/project/azure-mgmt-recoveryservicesbackup/,https://github.com/Azure/azure-sdk-for-python,3493786
parameterized,https://pypi.org/project/parameterized/,https://github.com/wolever/parameterized,3484044
azure-mgmt-search,https://pypi.org/project/azure-mgmt-search/,https://github.com/Azure/azure-sdk-for-python,3471985
datasets,https://pypi.org/project/datasets/,https://github.com/huggingface/datasets,3468483
aniso8601,https://pypi.org/project/aniso8601/,https://bitbucket.org/nielsenb/aniso8601,3461013
azure-mgmt-devtestlabs,https://pypi.org/project/azure-mgmt-devtestlabs/,https://github.com/Azure/azure-sdk-for-python,3455811
resampy,https://pypi.org/project/resampy/,https://github.com/bmcfee/resampy,3455376
markdown2,https://pypi.org/project/markdown2/,https://github.com/trentm/python-markdown2,3453950
azure-mgmt-marketplaceordering,https://pypi.org/project/azure-mgmt-marketplaceordering/,https://github.com/Azure/azure-sdk-for-python,3449656
azure-mgmt-eventgrid,https://pypi.org/project/azure-mgmt-eventgrid/,https://github.com/Azure/azure-sdk-for-python,3429261
azure-mgmt-media,https://pypi.org/project/azure-mgmt-media/,https://github.com/Azure/azure-sdk-for-python,3408811
cdk-nag,https://pypi.org/project/cdk-nag/,https://github.com/cdklabs/cdk-nag.git,3399080
mypy-boto3-redshift-data,https://pypi.org/project/mypy-boto3-redshift-data/,https://github.com/youtype/mypy_boto3_builder,3396389
azure-mgmt-managementgroups,https://pypi.org/project/azure-mgmt-managementgroups/,https://github.com/Azure/azure-sdk-for-python,3394468
azure-mgmt-applicationinsights,https://pypi.org/project/azure-mgmt-applicationinsights/,https://github.com/Azure/azure-sdk-for-python,3391995
accelerate,https://pypi.org/project/accelerate/,https://github.com/huggingface/accelerate,3383538
azure-mgmt-iothubprovisioningservices,https://pypi.org/project/azure-mgmt-iothubprovisioningservices/,https://github.com/Azure/azure-sdk-for-python,3380909
azure-mgmt-policyinsights,https://pypi.org/project/azure-mgmt-policyinsights/,https://github.com/Azure/azure-sdk-for-python,3380583
azure-mgmt-servicefabric,https://pypi.org/project/azure-mgmt-servicefabric/,https://github.com/Azure/azure-sdk-for-python,3375494
azure-mgmt-billing,https://pypi.org/project/azure-mgmt-billing/,https://github.com/Azure/azure-sdk-for-python,3374858
azure-mgmt-advisor,https://pypi.org/project/azure-mgmt-advisor/,https://github.com/Azure/azure-sdk-for-python,3374521
DateTime,https://pypi.org/project/DateTime/,https://github.com/zopefoundation/DateTime,3371044
docker-pycreds,https://pypi.org/project/docker-pycreds/,https://github.com/shin-/dockerpy-creds,3368331
azure-mgmt-iotcentral,https://pypi.org/project/azure-mgmt-iotcentral/,https://github.com/Azure/azure-sdk-for-python,3364887
azure-mgmt-batchai,https://pypi.org/project/azure-mgmt-batchai/,https://github.com/Azure/azure-sdk-for-python,3358704
azure-mgmt-consumption,https://pypi.org/project/azure-mgmt-consumption/,https://github.com/Azure/azure-sdk-for-python,3353214
pytest-metadata,https://pypi.org/project/pytest-metadata/,https://github.com/pytest-dev/pytest-metadata,3349983
azure-mgmt-relay,https://pypi.org/project/azure-mgmt-relay/,https://github.com/Azure/azure-sdk-for-python,3345249
dbt-core,https://pypi.org/project/dbt-core/,https://github.com/dbt-labs/dbt-core,3339018
azure-cli-telemetry,https://pypi.org/project/azure-cli-telemetry/,https://github.com/Azure/azure-cli,3328031
azure-mgmt-datamigration,https://pypi.org/project/azure-mgmt-datamigration/,https://github.com/Azure/azure-sdk-for-python,3321828
azure-mgmt-maps,https://pypi.org/project/azure-mgmt-maps/,https://github.com/Azure/azure-sdk-for-python,3320610
pika,https://pypi.org/project/pika/,https://github.com/pika/pika,3306853
tensorflow-hub,https://pypi.org/project/tensorflow-hub/,https://github.com/tensorflow/hub,3300706
inflect,https://pypi.org/project/inflect/,https://github.com/jaraco/inflect,3297668
aws-requests-auth,https://pypi.org/project/aws-requests-auth/,https://github.com/davidmuller/aws-requests-auth,3296822
pathy,https://pypi.org/project/pathy/,https://github.com/justindujardin/pathy,3296394
bokeh,https://pypi.org/project/bokeh/,https://bokeh.org,3292561
mergedeep,https://pypi.org/project/mergedeep/,https://github.com/clarketm/mergedeep,3290956
python-Levenshtein,https://pypi.org/project/python-Levenshtein/,https://github.com/maxbachmann/python-Levenshtein,3280313
pyspnego,https://pypi.org/project/pyspnego/,https://github.com/jborean93/pyspnego,3280276
openai,https://pypi.org/project/openai/,https://github.com/openai/openai-python,3267104
diskcache,https://pypi.org/project/diskcache/,https://github.com/grantjenks/python-diskcache,3261937
gsutil,https://pypi.org/project/gsutil/,https://cloud.google.com/storage/docs/gsutil,3240793
aws-xray-sdk,https://pypi.org/project/aws-xray-sdk/,https://github.com/aws/aws-xray-sdk-python,3230600
ua-parser,https://pypi.org/project/ua-parser/,https://github.com/ua-parser/uap-python,3224565
hdfs,https://pypi.org/project/hdfs/,https://hdfscli.readthedocs.io,3215591
click-repl,https://pypi.org/project/click-repl/,https://github.com/untitaker/click-repl,3213613
ConfigUpdater,https://pypi.org/project/ConfigUpdater/,https://github.com/pyscaffold/configupdater/,3212066
fabric,https://pypi.org/project/fabric/,https://github.com/fabric/fabric,3209865
google-cloud-container,https://pypi.org/project/google-cloud-container/,https://github.com/googleapis/python-container,3206025
timm,https://pypi.org/project/timm/,https://github.com/huggingface/pytorch-image-models,3203732
xlwt,https://pypi.org/project/xlwt/,http://www.python-excel.org/,3195579
google-cloud-datastore,https://pypi.org/project/google-cloud-datastore/,https://github.com/googleapis/python-datastore,3154566
azure-appconfiguration,https://pypi.org/project/azure-appconfiguration/,https://github.com/Azure/azure-sdk-for-python/tree/main/sdk/appconfiguration/azure-appconfiguration,3141782
pytest-timeout,https://pypi.org/project/pytest-timeout/,https://github.com/pytest-dev/pytest-timeout,3135426
requests-mock,https://pypi.org/project/requests-mock/,https://github.com/jamielennox/requests-mock,3133417
django-cors-headers,https://pypi.org/project/django-cors-headers/,https://github.com/adamchainz/django-cors-headers,3129990
reportlab,https://pypi.org/project/reportlab/,http://www.reportlab.com/,3119776
qtconsole,https://pypi.org/project/qtconsole/,http://jupyter.org,3115497
databricks-sdk,https://pypi.org/project/databricks-sdk/,https://github.com/databricks/databricks-sdk-py,3094313
spacy-legacy,https://pypi.org/project/spacy-legacy/,https://spacy.io,3082836
azureml-core,https://pypi.org/project/azureml-core/,https://docs.microsoft.com/python/api/overview/azure/ml/?view=azure-ml-py,3077153
QtPy,https://pypi.org/project/QtPy/,https://github.com/spyder-ide/qtpy,3063944
fqdn,https://pypi.org/project/fqdn/,https://github.com/ypcrts/fqdn,3061011
opentelemetry-exporter-otlp-proto-http,https://pypi.org/project/opentelemetry-exporter-otlp-proto-http/,https://github.com/open-telemetry/opentelemetry-python/tree/main/exporter/opentelemetry-exporter-otlp-proto-http,3059367
azure-mgmt-reservations,https://pypi.org/project/azure-mgmt-reservations/,https://github.com/Azure/azure-sdk-for-python,3053573
azure-kusto-data,https://pypi.org/project/azure-kusto-data/,https://github.com/Azure/azure-kusto-python,3047951
parse,https://pypi.org/project/parse/,https://github.com/r1chardj0n3s/parse,3037434
boto3-stubs,https://pypi.org/project/boto3-stubs/,https://github.com/youtype/mypy_boto3_builder,3037319
natsort,https://pypi.org/project/natsort/,https://github.com/SethMMorton/natsort,3024845
pytest-rerunfailures,https://pypi.org/project/pytest-rerunfailures/,https://github.com/pytest-dev/pytest-rerunfailures,3024638
langcodes,https://pypi.org/project/langcodes/,https://github.com/rspeer/langcodes,3016867
isoduration,https://pypi.org/project/isoduration/,https://github.com/bolsote/isoduration,3015164
addict,https://pypi.org/project/addict/,https://github.com/mewwts/addict,3009902
click-man,https://pypi.org/project/click-man/,https://github.com/click-contrib/click-man,3009474
JayDeBeApi,https://pypi.org/project/JayDeBeApi/,https://github.com/baztian/jaydebeapi,3004586
uri-template,https://pypi.org/project/uri-template/,https://github.com/plinss/uri_template/,3003741
certbot,https://pypi.org/project/certbot/,https://github.com/letsencrypt/letsencrypt,2999217
pep517,https://pypi.org/project/pep517/,https://github.com/pypa/pep517,2997204
onnxruntime,https://pypi.org/project/onnxruntime/,https://onnxruntime.ai,2979432
hiredis,https://pypi.org/project/hiredis/,https://github.com/redis/hiredis-py,2976099
PyHive,https://pypi.org/project/PyHive/,https://github.com/dropbox/PyHive,2970949
google-cloud-audit-log,https://pypi.org/project/google-cloud-audit-log/,https://github.com/googleapis/python-audit-log,2947810
pypandoc,https://pypi.org/project/pypandoc/,https://github.com/JessicaTegner/pypandoc,2921124
sphinx-rtd-theme,https://pypi.org/project/sphinx-rtd-theme/,https://github.com/readthedocs/sphinx_rtd_theme,2917323
pytest-html,https://pypi.org/project/pytest-html/,https://github.com/pytest-dev/pytest-html,2908845
lazy_loader,https://pypi.org/project/lazy_loader/,https://github.com/scientific-python/lazy_loader,2907243
python-docx,https://pypi.org/project/python-docx/,https://github.com/python-openxml/python-docx,2894885
shortuuid,https://pypi.org/project/shortuuid/,https://github.com/skorokithakis/shortuuid/,2890719
opencv-python-headless,https://pypi.org/project/opencv-python-headless/,https://github.com/opencv/opencv-python,2883031
numexpr,https://pypi.org/project/numexpr/,https://github.com/pydata/numexpr,2878335
spacy-loggers,https://pypi.org/project/spacy-loggers/,https://github.com/explosion/spacy-loggers,2874209
botocore-stubs,https://pypi.org/project/botocore-stubs/,https://github.com/youtype/botocore-stubs,2870484
fastparquet,https://pypi.org/project/fastparquet/,https://github.com/dask/fastparquet/,2869463
onnx,https://pypi.org/project/onnx/,https://github.com/onnx/onnx,2857870
google-cloud-dataproc,https://pypi.org/project/google-cloud-dataproc/,https://github.com/googleapis/python-dataproc,2855290
jupyter,https://pypi.org/project/jupyter/,http://jupyter.org,2850526
google-cloud-spanner,https://pypi.org/project/google-cloud-spanner/,https://github.com/googleapis/python-spanner,2845694
magicattr,https://pypi.org/project/magicattr/,https://github.com/frmdstryr/magicattr,2842101
py-spy,https://pypi.org/project/py-spy/,https://github.com/benfred/py-spy,2839539
urllib3-secure-extra,https://pypi.org/project/urllib3-secure-extra/,https://github.com/urllib3/urllib3-secure-extra,2838224
lit,https://pypi.org/project/lit/,http://llvm.org,2836789
orderedmultidict,https://pypi.org/project/orderedmultidict/,https://github.com/gruns/orderedmultidict,2831620
autopep8,https://pypi.org/project/autopep8/,https://github.com/hhatto/autopep8,2831101
scapy,https://pypi.org/project/scapy/,https://github.com/secdev/scapy/,2829839
pathlib,https://pypi.org/project/pathlib/,https://pathlib.readthedocs.org/,2826741
opentracing,https://pypi.org/project/opentracing/,https://github.com/opentracing/opentracing-python,2823618
google-cloud-compute,https://pypi.org/project/google-cloud-compute/,https://github.com/googleapis/python-compute,2822296
triton,https://pypi.org/project/triton/,https://github.com/openai/triton/,2820656
azure-eventgrid,https://pypi.org/project/azure-eventgrid/,https://github.com/Azure/azure-sdk-for-python,2818895
funcsigs,https://pypi.org/project/funcsigs/,http://funcsigs.readthedocs.org,2817537
apache-airflow-providers-amazon,https://pypi.org/project/apache-airflow-providers-amazon/,https://github.com/apache/airflow,2814980
APScheduler,https://pypi.org/project/APScheduler/,https://github.com/agronholm/apscheduler,2809714
spark-nlp,https://pypi.org/project/spark-nlp/,https://github.com/JohnSnowLabs/spark-nlp,2809276
lark,https://pypi.org/project/lark/,https://github.com/lark-parser/lark,2808074
resolvelib,https://pypi.org/project/resolvelib/,https://github.com/sarugaku/resolvelib,2804562
requests-ntlm,https://pypi.org/project/requests-ntlm/,https://github.com/requests/requests-ntlm,2800027
azure-keyvault-certificates,https://pypi.org/project/azure-keyvault-certificates/,https://github.com/Azure/azure-sdk-for-python/tree/main/sdk/keyvault/azure-keyvault-certificates,2792941
databricks-api,https://pypi.org/project/databricks-api/,https://github.com/crflynn/databricks-api,2785633
Office365-REST-Python-Client,https://pypi.org/project/Office365-REST-Python-Client/,https://github.com/vgrem/Office365-REST-Python-Client,2778426
azure-storage-file-share,https://pypi.org/project/azure-storage-file-share/,https://github.com/Azure/azure-sdk-for-python/tree/main/sdk/storage/azure-storage-file-share,2765186
python-gitlab,https://pypi.org/project/python-gitlab/,https://github.com/python-gitlab/python-gitlab,2761254
google-cloud-tasks,https://pypi.org/project/google-cloud-tasks/,https://github.com/googleapis/python-tasks,2760816
ffmpy,https://pypi.org/project/ffmpy/,https://github.com/Ch00k/ffmpy,2749085
azure-storage-file,https://pypi.org/project/azure-storage-file/,https://github.com/Azure/azure-storage-python,2743123
zstandard,https://pypi.org/project/zstandard/,https://github.com/indygreg/python-zstandard,2727788
imbalanced-learn,https://pypi.org/project/imbalanced-learn/,https://github.com/scikit-learn-contrib/imbalanced-learn,2705182
Levenshtein,https://pypi.org/project/Levenshtein/,https://github.com/maxbachmann/Levenshtein,2694258
openapi-spec-validator,https://pypi.org/project/openapi-spec-validator/,https://github.com/python-openapi/openapi-spec-validator,2692765
ypy-websocket,https://pypi.org/project/ypy-websocket/,https://github.com/y-crdt/ypy-websocket,2691285
atlassian-python-api,https://pypi.org/project/atlassian-python-api/,https://github.com/atlassian-api/atlassian-python-api,2686221
backports.weakref,https://pypi.org/project/backports.weakref/,https://github.com/pjdelport/backports.weakref,2681336
google-cloud-bigquery-datatransfer,https://pypi.org/project/google-cloud-bigquery-datatransfer/,https://github.com/googleapis/python-bigquery-datatransfer,2681093
cmdstanpy,https://pypi.org/project/cmdstanpy/,https://github.com/stan-dev/cmdstanpy,2664475
unittest-xml-reporting,https://pypi.org/project/unittest-xml-reporting/,http://github.com/xmlrunner/unittest-xml-reporting/tree/master/,2650221
nvidia-cufft-cu11,https://pypi.org/project/nvidia-cufft-cu11/,https://developer.nvidia.com/cuda-zone,2642278
nvidia-cusparse-cu11,https://pypi.org/project/nvidia-cusparse-cu11/,https://developer.nvidia.com/cuda-zone,2636695
nvidia-cusolver-cu11,https://pypi.org/project/nvidia-cusolver-cu11/,https://developer.nvidia.com/cuda-zone,2633551
nvidia-nccl-cu11,https://pypi.org/project/nvidia-nccl-cu11/,https://developer.nvidia.com/cuda-zone,2632410
nvidia-curand-cu11,https://pypi.org/project/nvidia-curand-cu11/,https://developer.nvidia.com/cuda-zone,2632069
nvidia-cuda-cupti-cu11,https://pypi.org/project/nvidia-cuda-cupti-cu11/,https://developer.nvidia.com/cuda-zone,2630586
nvidia-nvtx-cu11,https://pypi.org/project/nvidia-nvtx-cu11/,https://developer.nvidia.com/cuda-zone,2622998
google-cloud-datacatalog,https://pypi.org/project/google-cloud-datacatalog/,https://github.com/googleapis/python-datacatalog,2622839
singledispatch,https://pypi.org/project/singledispatch/,https://github.com/jaraco/singledispatch,2620381
ephem,https://pypi.org/project/ephem/,https://github.com/brandon-rhodes/pyephem,2618747
elasticsearch-dsl,https://pypi.org/project/elasticsearch-dsl/,https://github.com/elasticsearch/elasticsearch-dsl-py,2599036
safetensors,https://pypi.org/project/safetensors/,https://github.com/huggingface/safetensors,2578428
kornia,https://pypi.org/project/kornia/,https://github.com/kornia/kornia,2566103
mypy-boto3-s3,https://pypi.org/project/mypy-boto3-s3/,https://github.com/youtype/mypy_boto3_builder,2549620
mashumaro,https://pypi.org/project/mashumaro/,https://github.com/Fatal1ty/mashumaro,2546308
looker-sdk,https://pypi.org/project/looker-sdk/,https://pypi.python.org/pypi/looker_sdk,2536957
django-filter,https://pypi.org/project/django-filter/,https://github.com/carltongibson/django-filter,2536224
filterpy,https://pypi.org/project/filterpy/,https://github.com/rlabbe/filterpy,2535289
Twisted,https://pypi.org/project/Twisted/,https://github.com/twisted/twisted,2532379
user-agents,https://pypi.org/project/user-agents/,https://github.com/selwin/python-user-agents,2512103
feedparser,https://pypi.org/project/feedparser/,https://github.com/kurtmckee/feedparser,2508742
azure-multiapi-storage,https://pypi.org/project/azure-multiapi-storage/,https://github.com/Azure/azure-multiapi-storage-python,2486020
agate,https://pypi.org/project/agate/,https://github.com/wireservice/agate,2484820
cx-Oracle,https://pypi.org/project/cx-Oracle/,https://github.com/oracle/python-cx_Oracle,2476827
bitarray,https://pypi.org/project/bitarray/,https://github.com/ilanschnell/bitarray,2476261
python3-openid,https://pypi.org/project/python3-openid/,http://github.com/necaris/python3-openid,2457958
ansible-core,https://pypi.org/project/ansible-core/,https://github.com/ansible/ansible,2451159
tfx-bsl,https://pypi.org/project/tfx-bsl/,https://www.tensorflow.org/tfx,2450977
LunarCalendar,https://pypi.org/project/LunarCalendar/,https://github.com/wolfhong/LunarCalendar,2450101
javaproperties,https://pypi.org/project/javaproperties/,https://github.com/jwodder/javaproperties,2444968
oldest-supported-numpy,https://pypi.org/project/oldest-supported-numpy/,https://github.com/scipy/oldest-supported-numpy,2442371
blessed,https://pypi.org/project/blessed/,https://github.com/jquast/blessed,2440273
zope.hookable,https://pypi.org/project/zope.hookable/,http://github.com/zopefoundation/zope.hookable,2437370
zope.component,https://pypi.org/project/zope.component/,https://github.com/zopefoundation/zope.component,2436325
confection,https://pypi.org/project/confection/,https://github.com/explosion/confection,2432705
langdetect,https://pypi.org/project/langdetect/,https://github.com/Mimino666/langdetect,2429609
cssselect2,https://pypi.org/project/cssselect2/,https://doc.courtbouillon.org/cssselect2/,2424825
netifaces,https://pypi.org/project/netifaces/,https://github.com/al45tair/netifaces,2418152
tensorflow-transform,https://pypi.org/project/tensorflow-transform/,https://www.tensorflow.org/tfx/transform/get_started,2412118
backports.tempfile,https://pypi.org/project/backports.tempfile/,https://github.com/pjdelport/backports.tempfile,2407882
python-keystoneclient,https://pypi.org/project/python-keystoneclient/,https://docs.openstack.org/python-keystoneclient/latest/,2403152
tensorflow-io,https://pypi.org/project/tensorflow-io/,https://github.com/tensorflow/io,2402137
htmlmin,https://pypi.org/project/htmlmin/,https://htmlmin.readthedocs.io/en/latest/,2394318
keystoneauth1,https://pypi.org/project/keystoneauth1/,https://docs.openstack.org/keystoneauth/latest/,2392697
google-ads,https://pypi.org/project/google-ads/,https://github.com/googleads/google-ads-python,2387059
google-cloud-vision,https://pypi.org/project/google-cloud-vision/,https://github.com/googleapis/python-vision,2385668
ninja,https://pypi.org/project/ninja/,https://github.com/scikit-build/ninja-python-distributions,2371661
sacremoses,https://pypi.org/project/sacremoses/,https://github.com/alvations/sacremoses,2370299
pyelftools,https://pypi.org/project/pyelftools/,https://github.com/eliben/pyelftools,2363593
pdfminer.six,https://pypi.org/project/pdfminer.six/,https://github.com/pdfminer/pdfminer.six,2360263
google-cloud-build,https://pypi.org/project/google-cloud-build/,https://github.com/googleapis/python-cloudbuild,2358404
sasl,https://pypi.org/project/sasl/,http://github.com/cloudera/python-sasl,2341617
ConfigArgParse,https://pypi.org/project/ConfigArgParse/,https://github.com/bw2/ConfigArgParse,2334368
elastic-transport,https://pypi.org/project/elastic-transport/,https://github.com/elastic/elastic-transport-python,2331044
PyPika,https://pypi.org/project/PyPika/,https://github.com/kayak/pypika,2329237
google-cloud-automl,https://pypi.org/project/google-cloud-automl/,https://github.com/googleapis/python-automl,2327191
Logbook,https://pypi.org/project/Logbook/,http://logbook.pocoo.org/,2325377
tableauserverclient,https://pypi.org/project/tableauserverclient/,https://github.com/tableau/server-client-python,2325142
pkgconfig,https://pypi.org/project/pkgconfig/,https://github.com/matze/pkgconfig,2315608
yarg,https://pypi.org/project/yarg/,https://yarg.readthedocs.org/,2313970
bandit,https://pypi.org/project/bandit/,https://github.com/PyCQA/bandit,2308048
pipreqs,https://pypi.org/project/pipreqs/,https://github.com/bndr/pipreqs,2303887
prison,https://pypi.org/project/prison/,https://github.com/betodealmeida/python-rison,2301081
google-cloud-workflows,https://pypi.org/project/google-cloud-workflows/,https://github.com/googleapis/python-workflows,2300252
sgmllib3k,https://pypi.org/project/sgmllib3k/,http://hg.hardcoded.net/sgmllib,2298958
hologram,https://pypi.org/project/hologram/,https://github.com/fishtown-analytics/hologram,2298092
pyhocon,https://pypi.org/project/pyhocon/,http://github.com/chimpler/pyhocon/,2294794
datadog-api-client,https://pypi.org/project/datadog-api-client/,https://github.com/DataDog/datadog-api-client-python,2282086
google-cloud-redis,https://pypi.org/project/google-cloud-redis/,https://github.com/googleapis/python-redis,2280756
passlib,https://pypi.org/project/passlib/,https://passlib.readthedocs.io,2274289
leather,https://pypi.org/project/leather/,http://leather.readthedocs.io/,2273425
google-cloud-pubsublite,https://pypi.org/project/google-cloud-pubsublite/,https://github.com/googleapis/python-pubsublite,2271269
flask-babel,https://pypi.org/project/flask-babel/,https://github.com/python-babel/flask-babel,2266600
twilio,https://pypi.org/project/twilio/,https://github.com/twilio/twilio-python/,2262153
cloudevents,https://pypi.org/project/cloudevents/,https://github.com/cloudevents/sdk-python,2247934
sqlalchemy-redshift,https://pypi.org/project/sqlalchemy-redshift/,https://github.com/sqlalchemy-redshift/sqlalchemy-redshift,2241691
incremental,https://pypi.org/project/incremental/,https://github.com/twisted/incremental,2229412
lmdb,https://pypi.org/project/lmdb/,http://github.com/jnwatson/py-lmdb/,2219777
azure-mgmt-sqlvirtualmachine,https://pypi.org/project/azure-mgmt-sqlvirtualmachine/,https://github.com/Azure/azure-sdk-for-python,2213364
ray,https://pypi.org/project/ray/,https://github.com/ray-project/ray,2212639
python-swiftclient,https://pypi.org/project/python-swiftclient/,https://opendev.org/openstack/python-swiftclient,2208703
SQLAlchemy-JSONField,https://pypi.org/project/SQLAlchemy-JSONField/,https://github.com/penguinolog/sqlalchemy_jsonfield/issues,2196986
certbot-dns-cloudns,https://pypi.org/project/certbot-dns-cloudns/,https://github.com/inventage/certbot-dns-cloudns,2192449
cloudns-api,https://pypi.org/project/cloudns-api/,https://github.com/prestix-studio/cloudns_api,2192429
minimal-snowplow-tracker,https://pypi.org/project/minimal-snowplow-tracker/,https://www.fishtownanalytics.com,2186574
azure-mgmt-hdinsight,https://pypi.org/project/azure-mgmt-hdinsight/,https://github.com/Azure/azure-sdk-for-python,2181632
dbt-extractor,https://pypi.org/project/dbt-extractor/,https://github.com/dbt-labs/dbt-parser-generator/,2178797
types-pytz,https://pypi.org/project/types-pytz/,https://github.com/python/typeshed,2176366
azure-mgmt-netapp,https://pypi.org/project/azure-mgmt-netapp/,https://github.com/Azure/azure-sdk-for-python,2175471
azure-synapse-artifacts,https://pypi.org/project/azure-synapse-artifacts/,https://github.com/Azure/azure-sdk-for-python/tree/main/sdk,2173024
ml-dtypes,https://pypi.org/project/ml-dtypes/,https://github.com/jax-ml/ml_dtypes,2171336
types-setuptools,https://pypi.org/project/types-setuptools/,https://github.com/python/typeshed,2170020
configobj,https://pypi.org/project/configobj/,https://github.com/DiffSK/configobj,2165938
azure-mgmt-appconfiguration,https://pypi.org/project/azure-mgmt-appconfiguration/,https://github.com/Azure/azure-sdk-for-python,2165042
azure-mgmt-security,https://pypi.org/project/azure-mgmt-security/,https://github.com/Azure/azure-sdk-for-python,2163813
akinator.py,https://pypi.org/project/akinator.py/,https://github.com/Tom-the-Bomb/akinator.py,2157843
idna_ssl,https://pypi.org/project/idna_ssl/,https://github.com/aio-libs/idna-ssl,2148994
polling,https://pypi.org/project/polling/,http://github.com/justiniso/polling,2144360
azure-mgmt-privatedns,https://pypi.org/project/azure-mgmt-privatedns/,https://github.com/Azure/azure-sdk-for-python,2138841
azure-mgmt-synapse,https://pypi.org/project/azure-mgmt-synapse/,https://github.com/Azure/azure-sdk-for-python,2138027
hyperlink,https://pypi.org/project/hyperlink/,https://github.com/python-hyper/hyperlink,2133767
pylev,https://pypi.org/project/pylev/,http://github.com/toastdriven/pylev,2130585
dm-tree,https://pypi.org/project/dm-tree/,https://github.com/deepmind/tree,2122159
azure-mgmt-redhatopenshift,https://pypi.org/project/azure-mgmt-redhatopenshift/,https://github.com/Azure/azure-sdk-for-python,2120720
azure-mgmt-apimanagement,https://pypi.org/project/azure-mgmt-apimanagement/,https://github.com/Azure/azure-sdk-for-python,2116772
requests-unixsocket,https://pypi.org/project/requests-unixsocket/,https://github.com/msabramo/requests-unixsocket,2115079
azure-synapse-spark,https://pypi.org/project/azure-synapse-spark/,https://github.com/Azure/azure-sdk-for-python,2111666
jsonlines,https://pypi.org/project/jsonlines/,https://github.com/wbolster/jsonlines,2107913
